id,original,surface,status,image,image_page,wikidata
0,アフガニスタン,アフガニスタン,current,http://commons.wikimedia.org/wiki/Special:FilePath/Flag_of_the_Taliban.svg,https://commons.wikimedia.org/wiki/File:Flag_of_the_Taliban.svg,Q889
1,アルバニア,アルバニア,current,http://commons.wikimedia.org/wiki/Special:FilePath/Flag_of_Albania.svg,https://commons.wikimedia.org/wiki/File:Flag_of_Albania.svg,Q222
2,アルジェリア,アルジェリア,current,http://commons.wikimedia.org/wiki/Special:FilePath/Flag_of_Algeria.svg,https://commons.wikimedia.org/wiki/File:Flag_of_Algeria.svg,Q262
3,アンドラ,アンドラ,current,http://commons.wikimedia.org/wiki/Special:FilePath/Flag_of_Andorra.svg,https://commons.wikimedia.org/wiki/File:Flag_of_Andorra.svg,Q228
4,アンゴラ,アンゴラ,current,http://commons.wikimedia.org/wiki/Special:FilePath/Flag_of_Angola.svg,https://commons.wikimedia.org/wiki/File:Flag_of_Angola.svg,Q916
5,アルゼンチン,アルゼンチン,current,http://commons.wikimedia.org/wiki/Special:FilePath/Flag_of_Argentina.svg,https://commons.wikimedia.org/wiki/File:Flag_of_Argentina.svg,Q414
6,アルメニア,アルメニア,current,http://commons.wikimedia.org/wiki/Special:FilePath/Flag_of_Armenia.svg,https://commons.wikimedia.org/wiki/File:Flag_of_Armenia.svg,Q399
7,オーストラリア,オーストラリア,current,http://commons.wikimedia.org/wiki/Special:FilePath/Flag_of_Australia_%28converted%29.svg,https://commons.wikimedia.org/wiki/File:Flag_of_Australia_%28converted%29.svg,Q408
8,オーストリア,オーストリア,current,http://commons.wikimedia.org/wiki/Special:FilePath/Flag_of_Austria.svg,https://commons.wikimedia.org/wiki/File:Flag_of_Austria.svg,Q40
9,アゼルバイジャン,アゼルバイジャン,current,http://commons.wikimedia.org/wiki/Special:FilePath/Flag_of_Azerbaijan.svg,https://commons.wikimedia.org/wiki/File:Flag_of_Azerbaijan.svg,Q227
10,バハマ,バハマ,current,http://commons.wikimedia.org/wiki/Special:FilePath/Flag_of_the_Bahamas.svg,https://commons.wikimedia.org/wiki/File:Flag_of_the_Bahamas.svg,Q778
11,バーレーン,バーレーン,current,http://commons.wikimedia.org/wiki/Special:FilePath/Flag_of_Bahrain.svg,https://commons.wikimedia.org/wiki/File:Flag_of_Bahrain.svg,Q398
12,バングラデシュ,バングラデシュ,current,http://commons.wikimedia.org/wiki/Special:FilePath/Flag_of_Bangladesh.svg,https://commons.wikimedia.org/wiki/File:Flag_of_Bangladesh.svg,Q902
13,バルバドス,バルバドス,current,http://commons.wikimedia.org/wiki/Special:FilePath/Flag_of_Barbados.svg,https://commons.wikimedia.org/wiki/File:Flag_of_Barbados.svg,Q244
14,ベラルーシ,ベラルーシ,current,http://commons.wikimedia.org/wiki/Special:FilePath/Flag_of_Belarus.svg,https://commons.wikimedia.org/wiki/File:Flag_of_Belarus.svg,Q184
15,ベルギー,ベルギー,current,http://commons.wikimedia.org/wiki/Special:FilePath/Flag_of_Belgium.svg,https://commons.wikimedia.org/wiki/File:Flag_of_Belgium.svg,Q31
16,ベリーズ,ベリーズ,current,http://commons.wikimedia.org/wiki/Special:FilePath/Flag_of_Belize.svg,https://commons.wikimedia.org/wiki/File:Flag_of_Belize.svg,Q242
17,ベナン,ベナン,current,http://commons.wikimedia.org/wiki/Special:FilePath/Flag_of_Benin.svg,https://commons.wikimedia.org/wiki/File:Flag_of_Benin.svg,Q962
18,ブータン,ブータン,current,http://commons.wikimedia.org/wiki/Special:FilePath/Flag_of_Bhutan.svg,https://commons.wikimedia.org/wiki/File:Flag_of_Bhutan.svg,Q917
19,ボリビア,ボリビア,current,http://commons.wikimedia.org/wiki/Special:FilePath/Flag_of_Bolivia.svg,https://commons.wikimedia.org/wiki/File:Flag_of_Bolivia.svg,Q750
20,ボツワナ,ボツワナ,current,http://commons.wikimedia.org/wiki/Special:FilePath/Flag_of_Botswana.svg,https://commons.wikimedia.org/wiki/File:Flag_of_Botswana.svg,Q963
21,ブラジル,ブラジル,current,http://commons.wikimedia.org/wiki/Special:FilePath/Flag_of_Brazil.svg,https://commons.wikimedia.org/wiki/File:Flag_of_Brazil.svg,Q155
22,ブルガリア,ブルガリア,current,http://commons.wikimedia.org/wiki/Special:FilePath/Flag_of_Bulgaria.svg,https://commons.wikimedia.org/wiki/File:Flag_of_Bulgaria.svg,Q219
23,ブルンジ,ブルンジ,current,http://commons.wikimedia.org/wiki/Special:FilePath/Flag_of_Burundi.svg,https://commons.wikimedia.org/wiki/File:Flag_of_Burundi.svg,Q967
24,カンボジア,カンボジア,current,http://commons.wikimedia.org/wiki/Special:FilePath/Flag_of_Cambodia.svg,https://commons.wikimedia.org/wiki/File:Flag_of_Cambodia.svg,Q424
25,カメルーン,カメルーン,current,http://commons.wikimedia.org/wiki/Special:FilePath/Flag_of_Cameroon.svg,https://commons.wikimedia.org/wiki/File:Flag_of_Cameroon.svg,Q1009
26,フランス,フランス,current,http://commons.wikimedia.org/wiki/Special:FilePath/Flag_of_France.svg,https://commons.wikimedia.org/wiki/File:Flag_of_France.svg,Q142
27,ガボン,ガボン,current,http://commons.wikimedia.org/wiki/Special:FilePath/Flag_of_Gabon.svg,https://commons.wikimedia.org/wiki/File:Flag_of_Gabon.svg,Q1000
28,ガンビア,ガンビア,current,http://commons.wikimedia.org/wiki/Special:FilePath/Flag_of_The_Gambia.svg,https://commons.wikimedia.org/wiki/File:Flag_of_The_Gambia.svg,Q1005
29,グルジア,グルジア,current,http://commons.wikimedia.org/wiki/Special:FilePath/Flag_of_Georgia.svg,https://commons.wikimedia.org/wiki/File:Flag_of_Georgia.svg,Q230
30,ドイツ,ドイツ,current,http://commons.wikimedia.org/wiki/Special:FilePath/Flag_of_Germany.svg,https://commons.wikimedia.org/wiki/File:Flag_of_Germany.svg,Q183
31,ガーナ,ガーナ,current,http://commons.wikimedia.org/wiki/Special:FilePath/Flag_of_Ghana.svg,https://commons.wikimedia.org/wiki/File:Flag_of_Ghana.svg,Q117
32,ギリシャ,ギリシャ,current,http://commons.wikimedia.org/wiki/Special:FilePath/Flag_of_Greece.svg,https://commons.wikimedia.org/wiki/File:Flag_of_Greece.svg,Q41
33,グレナダ,グレナダ,current,http://commons.wikimedia.org/wiki/Special:FilePath/Flag_of_Grenada.svg,https://commons.wikimedia.org/wiki/File:Flag_of_Grenada.svg,Q769
34,グアテマラ,グアテマラ,current,http://commons.wikimedia.org/wiki/Special:FilePath/Flag_of_Guatemala.svg,https://commons.wikimedia.org/wiki/File:Flag_of_Guatemala.svg,Q774
35,ギニア,ギニア,current,http://commons.wikimedia.org/wiki/Special:FilePath/Flag_of_Guinea.svg,https://commons.wikimedia.org/wiki/File:Flag_of_Guinea.svg,Q1006
36,ギニアビサウ,ギニアビサウ,current,http://commons.wikimedia.org/wiki/Special:FilePath/Flag_of_Guinea-Bissau.svg,https://commons.wikimedia.org/wiki/File:Flag_of_Guinea-Bissau.svg,Q1007
37,ガイアナ,ガイアナ,current,http://commons.wikimedia.org/wiki/Special:FilePath/Flag_of_Guyana.svg,https://commons.wikimedia.org/wiki/File:Flag_of_Guyana.svg,Q734
38,ハイチ,ハイチ,current,http://commons.wikimedia.org/wiki/Special:FilePath/Flag_of_Haiti.svg,https://commons.wikimedia.org/wiki/File:Flag_of_Haiti.svg,Q790
39,ホンジュラス,ホンジュラス,current,http://commons.wikimedia.org/wiki/Special:FilePath/Flag_of_Honduras_%281949%E2%80%932022%2C_2026%E2%80%93present%29.svg,https://commons.wikimedia.org/wiki/File:Flag_of_Honduras_%281949%E2%80%932022%2C_2026%E2%80%93present%29.svg,Q783
40,ハンガリー,ハンガリー,current,http://commons.wikimedia.org/wiki/Special:FilePath/Flag_of_Hungary.svg,https://commons.wikimedia.org/wiki/File:Flag_of_Hungary.svg,Q28
41,アイスランド,アイスランド,current,http://commons.wikimedia.org/wiki/Special:FilePath/Flag_of_Iceland.svg,https://commons.wikimedia.org/wiki/File:Flag_of_Iceland.svg,Q189
42,インド,インド,current,http://commons.wikimedia.org/wiki/Special:FilePath/Flag_of_India.svg,https://commons.wikimedia.org/wiki/File:Flag_of_India.svg,Q668
43,インドネシア,インドネシア,current,http://commons.wikimedia.org/wiki/Special:FilePath/Flag_of_Indonesia.svg,https://commons.wikimedia.org/wiki/File:Flag_of_Indonesia.svg,Q252
44,イラン,イラン,current,http://commons.wikimedia.org/wiki/Special:FilePath/Flag_of_Iran.svg,https://commons.wikimedia.org/wiki/File:Flag_of_Iran.svg,Q794
45,イラク,イラク,current,http://commons.wikimedia.org/wiki/Special:FilePath/Flag_of_Iraq.svg,https://commons.wikimedia.org/wiki/File:Flag_of_Iraq.svg,Q796
46,アイルランド,アイルランド,current,http://commons.wikimedia.org/wiki/Special:FilePath/Flag_of_Ireland.svg,https://commons.wikimedia.org/wiki/File:Flag_of_Ireland.svg,Q27
47,イスラエル,イスラエル,current,http://commons.wikimedia.org/wiki/Special:FilePath/Flag_of_Israel.svg,https://commons.wikimedia.org/wiki/File:Flag_of_Israel.svg,Q801
48,イタリア,イタリア,current,http://commons.wikimedia.org/wiki/Special:FilePath/Flag_of_Italy.svg,https://commons.wikimedia.org/wiki/File:Flag_of_Italy.svg,Q38
49,ジャマイカ,ジャマイカ,current,http://commons.wikimedia.org/wiki/Special:FilePath/Flag_of_Jamaica.svg,https://commons.wikimedia.org/wiki/File:Flag_of_Jamaica.svg,Q766
50,日本,ニホン,current,http://commons.wikimedia.org/wiki/Special:FilePath/Flag_of_Japan.svg,https://commons.wikimedia.org/wiki/File:Flag_of_Japan.svg,Q17
51,ヨルダン,ヨルダン,current,http://commons.wikimedia.org/wiki/Special:FilePath/Flag_of_Jordan.svg,https://commons.wikimedia.org/wiki/File:Flag_of_Jordan.svg,Q810
52,カザフスタン,カザフスタン,current,http://commons.wikimedia.org/wiki/Special:FilePath/Flag_of_Kazakhstan.svg,https://commons.wikimedia.org/wiki/File:Flag_of_Kazakhstan.svg,Q232
53,ケニア,ケニア,current,http://commons.wikimedia.org/wiki/Special:FilePath/Flag_of_Kenya.svg,https://commons.wikimedia.org/wiki/File:Flag_of_Kenya.svg,Q114
54,キリバス,キリバス,current,http://commons.wikimedia.org/wiki/Special:FilePath/Flag_of_Kiribati.svg,https://commons.wikimedia.org/wiki/File:Flag_of_Kiribati.svg,Q710
55,クウェート,クウェート,current,http://commons.wikimedia.org/wiki/Special:FilePath/Flag_of_Kuwait.svg,https://commons.wikimedia.org/wiki/File:Flag_of_Kuwait.svg,Q817
56,キルギスタン,キルギスタン,current,http://commons.wikimedia.org/wiki/Special:FilePath/Flag_of_Kyrgyzstan.svg,https://commons.wikimedia.org/wiki/File:Flag_of_Kyrgyzstan.svg,Q813
57,ラトビア,ラトビア,current,http://commons.wikimedia.org/wiki/Special:FilePath/Flag_of_Latvia.svg,https://commons.wikimedia.org/wiki/File:Flag_of_Latvia.svg,Q211
58,レバノン,レバノン,current,http://commons.wikimedia.org/wiki/Special:FilePath/Flag_of_Lebanon.svg,https://commons.wikimedia.org/wiki/File:Flag_of_Lebanon.svg,Q822
59,レソト,レソト,current,http://commons.wikimedia.org/wiki/Special:FilePath/Flag_of_Lesotho.svg,https://commons.wikimedia.org/wiki/File:Flag_of_Lesotho.svg,Q1013
60,リベリア,リベリア,current,http://commons.wikimedia.org/wiki/Special:FilePath/Flag_of_Liberia.svg,https://commons.wikimedia.org/wiki/File:Flag_of_Liberia.svg,Q1014
61,リビア,リビア,current,http://commons.wikimedia.org/wiki/Special:FilePath/Flag_of_Libya.svg,https://commons.wikimedia.org/wiki/File:Flag_of_Libya.svg,Q1016
62,ポーランド,ポーランド,current,http://commons.wikimedia.org/wiki/Special:FilePath/Flag_of_Poland.svg,https://commons.wikimedia.org/wiki/File:Flag_of_Poland.svg,Q36
63,ポルトガル,ポルトガル,current,http://commons.wikimedia.org/wiki/Special:FilePath/Flag_of_Portugal_%28official%29.svg,https://commons.wikimedia.org/wiki/File:Flag_of_Portugal_%28official%29.svg,Q45
64,カタール,カタール,current,http://commons.wikimedia.org/wiki/Special:FilePath/Flag_of_Qatar.svg,https://commons.wikimedia.org/wiki/File:Flag_of_Qatar.svg,Q846
65,ルーマニア,ルーマニア,current,http://commons.wikimedia.org/wiki/Special:FilePath/Flag_of_Romania.svg,https://commons.wikimedia.org/wiki/File:Flag_of_Romania.svg,Q218
66,ルワンダ,ルワンダ,current,http://commons.wikimedia.org/wiki/Special:FilePath/Flag_of_Rwanda.svg,https://commons.wikimedia.org/wiki/File:Flag_of_Rwanda.svg,Q1037
67,サモア,サモア,current,http://commons.wikimedia.org/wiki/Special:FilePath/Flag_of_Samoa.svg,https://commons.wikimedia.org/wiki/File:Flag_of_Samoa.svg,Q683
68,セネガル,セネガル,current,http://commons.wikimedia.org/wiki/Special:FilePath/Flag_of_Senegal.svg,https://commons.wikimedia.org/wiki/File:Flag_of_Senegal.svg,Q1041
69,セルビア,セルビア,current,http://commons.wikimedia.org/wiki/Special:FilePath/Flag_of_Serbia.svg,https://commons.wikimedia.org/wiki/File:Flag_of_Serbia.svg,Q403
70,セイシェル,セイシェル,current,http://commons.wikimedia.org/wiki/Special:FilePath/Flag_of_Seychelles.svg,https://commons.wikimedia.org/wiki/File:Flag_of_Seychelles.svg,Q1042
71,シンガポール,シンガポール,current,http://commons.wikimedia.org/wiki/Special:FilePath/Flag_of_Singapore.svg,https://commons.wikimedia.org/wiki/File:Flag_of_Singapore.svg,Q334
72,スロバキア,スロバキア,current,http://commons.wikimedia.org/wiki/Special:FilePath/Flag_of_Slovakia.svg,https://commons.wikimedia.org/wiki/File:Flag_of_Slovakia.svg,Q214
73,スロベニア,スロベニア,current,http://commons.wikimedia.org/wiki/Special:FilePath/Flag_of_Slovenia.svg,https://commons.wikimedia.org/wiki/File:Flag_of_Slovenia.svg,Q215
74,ソマリア,ソマリア,current,http://commons.wikimedia.org/wiki/Special:FilePath/Flag_of_Somalia.svg,https://commons.wikimedia.org/wiki/File:Flag_of_Somalia.svg,Q1045
75,南アフリカ,南アフリカ,current,http://commons.wikimedia.org/wiki/Special:FilePath/Flag_of_South_Africa.svg,https://commons.wikimedia.org/wiki/File:Flag_of_South_Africa.svg,Q258
76,南スーダン,南スーダン,current,http://commons.wikimedia.org/wiki/Special:FilePath/Flag_of_South_Sudan.svg,https://commons.wikimedia.org/wiki/File:Flag_of_South_Sudan.svg,Q958
77,スペイン,スペイン,current,http://commons.wikimedia.org/wiki/Special:FilePath/Flag_of_Spain.svg,https://commons.wikimedia.org/wiki/File:Flag_of_Spain.svg,Q29
78,スリランカ,スリランカ,current,http://commons.wikimedia.org/wiki/Special:FilePath/Flag_of_Sri_Lanka.svg,https://commons.wikimedia.org/wiki/File:Flag_of_Sri_Lanka.svg,Q854
79,スーダン,スーダン,current,http://commons.wikimedia.org/wiki/Special:FilePath/Flag_of_Sudan.svg,https://commons.wikimedia.org/wiki/File:Flag_of_Sudan.svg,Q1049
80,スリナム,スリナム,current,http://commons.wikimedia.org/wiki/Special:FilePath/Flag_of_Suriname.svg,https://commons.wikimedia.org/wiki/File:Flag_of_Suriname.svg,Q730
81,スワジランド,スワジランド,current,http://commons.wikimedia.org/wiki/Special:FilePath/Flag_of_Eswatini.svg,https://commons.wikimedia.org/wiki/File:Flag_of_Eswatini.svg,Q1050
82,スウェーデン,スウェーデン,current,http://commons.wikimedia.org/wiki/Special:FilePath/Flag_of_Sweden.svg,https://commons.wikimedia.org/wiki/File:Flag_of_Sweden.svg,Q34
83,スイス,スイス,current,http://commons.wikimedia.org/wiki/Special:FilePath/Flag_of_Switzerland.svg,https://commons.wikimedia.org/wiki/File:Flag_of_Switzerland.svg,Q39
84,シリア,シリア,current,http://commons.wikimedia.org/wiki/Special:FilePath/Flag_of_Syria_%282025-%29.svg,https://commons.wikimedia.org/wiki/File:Flag_of_Syria_%282025-%29.svg,Q858
85,タジキスタン,タジキスタン,current,http://commons.wikimedia.org/wiki/Special:FilePath/Flag_of_Tajikistan.svg,https://commons.wikimedia.org/wiki/File:Flag_of_Tajikistan.svg,Q863
86,タイ,タイ,current,http://commons.wikimedia.org/wiki/Special:FilePath/Flag_of_Thailand.svg,https://commons.wikimedia.org/wiki/File:Flag_of_Thailand.svg,Q869
87,アンティグア・バブーダ,アンティグア・バブーダ,current,http://commons.wikimedia.org/wiki/Special:FilePath/Flag_of_Antigua_and_Barbuda.svg,https://commons.wikimedia.org/wiki/File:Flag_of_Antigua_and_Barbuda.svg,Q781
88,ボスニア・ヘルツェゴビナ,ボスニア・ヘルツェゴビナ,current,http://commons.wikimedia.org/wiki/Special:FilePath/Flag_of_Bosnia_and_Herzegovina.svg,https://commons.wikimedia.org/wiki/File:Flag_of_Bosnia_and_Herzegovina.svg,Q225
89,ブルネイ,ブルネイ,current,http://commons.wikimedia.org/wiki/Special:FilePath/Flag_of_Brunei.svg,https://commons.wikimedia.org/wiki/File:Flag_of_Brunei.svg,Q921
90,ブルキナファソ,ブルキナファソ,current,http://commons.wikimedia.org/wiki/Special:FilePath/Flag_of_Burkina_Faso.svg,https://commons.wikimedia.org/wiki/File:Flag_of_Burkina_Faso.svg,Q965
91,ラオス,ラオス,current,http://commons.wikimedia.org/wiki/Special:FilePath/Flag_of_Laos.svg,https://commons.wikimedia.org/wiki/File:Flag_of_Laos.svg,Q819
92,韓国,韓国,current,http://commons.wikimedia.org/wiki/Special:FilePath/Flag_of_South_Korea.svg,https://commons.wikimedia.org/wiki/File:Flag_of_South_Korea.svg,Q884
93,モルドバ,モルドバ,current,http://commons.wikimedia.org/wiki/Special:FilePath/Flag_of_Moldova.svg,https://commons.wikimedia.org/wiki/File:Flag_of_Moldova.svg,Q217
94,ロシア,ロシア,current,http://commons.wikimedia.org/wiki/Special:FilePath/Flag_of_Russia.svg,https://commons.wikimedia.org/wiki/File:Flag_of_Russia.svg,Q159
95,セントクリストファー・ネイビス,セントクリストファー・ネイビス,current,http://commons.wikimedia.org/wiki/Special:FilePath/Flag_of_Saint_Kitts_and_Nevis.svg,https://commons.wikimedia.org/wiki/File:Flag_of_Saint_Kitts_and_Nevis.svg,Q763
96,セントルシア,セントルシア,current,http://commons.wikimedia.org/wiki/Special:FilePath/Flag_of_Saint_Lucia.svg,https://commons.wikimedia.org/wiki/File:Flag_of_Saint_Lucia.svg,Q760
97,セントビンセント及びグレナディーン諸島,セントビンセント及びグレナディーン諸島,current,http://commons.wikimedia.org/wiki/Special:FilePath/Flag_of_Saint_Vincent_and_the_Grenadines.svg,https://commons.wikimedia.org/wiki/File:Flag_of_Saint_Vincent_and_the_Grenadines.svg,Q757
98,サンマリノ,サンマリノ,current,http://commons.wikimedia.org/wiki/Special:FilePath/Flag_of_San_Marino.svg,https://commons.wikimedia.org/wiki/File:Flag_of_San_Marino.svg,Q238
99,サントメ・プリンシペ,サントメ・プリンシペ,current,http://commons.wikimedia.org/wiki/Special:FilePath/Flag_of_S%C3%A3o_Tom%C3%A9_and_Pr%C3%ADncipe.svg,https://commons.wikimedia.org/wiki/File:Flag_of_S%C3%A3o_Tom%C3%A9_and_Pr%C3%ADncipe.svg,Q1039
100,サウジアラビア,サウジアラビア,current,http://commons.wikimedia.org/wiki/Special:FilePath/Flag_of_Saudi_Arabia.svg,https://commons.wikimedia.org/wiki/File:Flag_of_Saudi_Arabia.svg,Q851
101,シエラレオネ,シエラレオネ,current,http://commons.wikimedia.org/wiki/Special:FilePath/Flag_of_Sierra_Leone.svg,https://commons.wikimedia.org/wiki/File:Flag_of_Sierra_Leone.svg,Q1044
102,ソロモン,ソロモン,current,http://commons.wikimedia.org/wiki/Special:FilePath/Flag_of_the_Solomon_Islands.svg,https://commons.wikimedia.org/wiki/File:Flag_of_the_Solomon_Islands.svg,Q685
103,カナダ,カナダ,current,http://commons.wikimedia.org/wiki/Special:FilePath/Flag_of_Canada_%28Pantone%29.svg,https://commons.wikimedia.org/wiki/File:Flag_of_Canada_%28Pantone%29.svg,Q16
104,カーボベルデ,カーボベルデ,current,http://commons.wikimedia.org/wiki/Special:FilePath/Flag_of_Cape_Verde.svg,https://commons.wikimedia.org/wiki/File:Flag_of_Cape_Verde.svg,Q1011
105,中央アフリカ共和国,中央アフリカ共和国,current,http://commons.wikimedia.org/wiki/Special:FilePath/Flag_of_the_Central_African_Republic.svg,https://commons.wikimedia.org/wiki/File:Flag_of_the_Central_African_Republic.svg,Q929
106,チャド,チャド,current,http://commons.wikimedia.org/wiki/Special:FilePath/Flag_of_Chad.svg,https://commons.wikimedia.org/wiki/File:Flag_of_Chad.svg,Q657
107,チリ,チリ,current,http://commons.wikimedia.org/wiki/Special:FilePath/Flag_of_Chile.svg,https://commons.wikimedia.org/wiki/File:Flag_of_Chile.svg,Q298
108,コロンビア,コロンビア,current,http://commons.wikimedia.org/wiki/Special:FilePath/Flag_of_Colombia.svg,https://commons.wikimedia.org/wiki/File:Flag_of_Colombia.svg,Q739
109,コモロ,コモロ,current,http://commons.wikimedia.org/wiki/Special:FilePath/Flag_of_the_Comoros.svg,https://commons.wikimedia.org/wiki/File:Flag_of_the_Comoros.svg,Q970
110,コンゴ,コンゴ,current,http://commons.wikimedia.org/wiki/Special:FilePath/Flag_of_the_Republic_of_the_Congo.svg,https://commons.wikimedia.org/wiki/File:Flag_of_the_Republic_of_the_Congo.svg,Q971
111,コスタリカ,コスタリカ,current,http://commons.wikimedia.org/wiki/Special:FilePath/Flag_of_Costa_Rica.svg,https://commons.wikimedia.org/wiki/File:Flag_of_Costa_Rica.svg,Q800
112,コートジボワール,コートジボワール,current,http://commons.wikimedia.org/wiki/Special:FilePath/Flag_of_C%C3%B4te_d%27Ivoire.svg,https://commons.wikimedia.org/wiki/File:Flag_of_C%C3%B4te_d%27Ivoire.svg,Q1008
113,クロアチア,クロアチア,current,http://commons.wikimedia.org/wiki/Special:FilePath/Flag_of_Croatia.svg,https://commons.wikimedia.org/wiki/File:Flag_of_Croatia.svg,Q224
114,キューバ,キューバ,current,http://commons.wikimedia.org/wiki/Special:FilePath/Flag_of_Cuba.svg,https://commons.wikimedia.org/wiki/File:Flag_of_Cuba.svg,Q241
115,キプロス,キプロス,current,http://commons.wikimedia.org/wiki/Special:FilePath/Flag_of_Cyprus.svg,https://commons.wikimedia.org/wiki/File:Flag_of_Cyprus.svg,Q229
116,チェコ,チェコ,current,http://commons.wikimedia.org/wiki/Special:FilePath/Flag_of_the_Czech_Republic.svg,https://commons.wikimedia.org/wiki/File:Flag_of_the_Czech_Republic.svg,Q213
117,朝鮮民主主義人民共和国,朝鮮民主主義人民共和国,current,http://commons.wikimedia.org/wiki/Special:FilePath/Flag_of_North_Korea.svg,https://commons.wikimedia.org/wiki/File:Flag_of_North_Korea.svg,Q423
118,コンゴ,コンゴ,current,http://commons.wikimedia.org/wiki/Special:FilePath/Flag_of_the_Democratic_Republic_of_the_Congo.svg,https://commons.wikimedia.org/wiki/File:Flag_of_the_Democratic_Republic_of_the_Congo.svg,Q974
119,デンマーク,デンマーク,current,http://commons.wikimedia.org/wiki/Special:FilePath/Flag_of_Denmark.svg,https://commons.wikimedia.org/wiki/File:Flag_of_Denmark.svg,Q35
120,ジブチ,ジブチ,current,http://commons.wikimedia.org/wiki/Special:FilePath/Flag_of_Djibouti.svg,https://commons.wikimedia.org/wiki/File:Flag_of_Djibouti.svg,Q977
121,ドミニカ,ドミニカ,current,http://commons.wikimedia.org/wiki/Special:FilePath/Flag_of_Dominica.svg,https://commons.wikimedia.org/wiki/File:Flag_of_Dominica.svg,Q784
122,ドミニカ共和国,ドミニカ共和国,current,http://commons.wikimedia.org/wiki/Special:FilePath/Flag_of_the_Dominican_Republic.svg,https://commons.wikimedia.org/wiki/File:Flag_of_the_Dominican_Republic.svg,Q786
123,エジプト,エジプト,current,http://commons.wikimedia.org/wiki/Special:FilePath/Flag_of_Egypt.svg,https://commons.wikimedia.org/wiki/File:Flag_of_Egypt.svg,Q79
124,エルサルバドル,エルサルバドル,current,http://commons.wikimedia.org/wiki/Special:FilePath/Flag_of_El_Salvador.svg,https://commons.wikimedia.org/wiki/File:Flag_of_El_Salvador.svg,Q792
125,エリトリア,エリトリア,current,http://commons.wikimedia.org/wiki/Special:FilePath/Flag_of_Eritrea.svg,https://commons.wikimedia.org/wiki/File:Flag_of_Eritrea.svg,Q986
126,エチオピア,エチオピア,current,http://commons.wikimedia.org/wiki/Special:FilePath/Flag_of_Ethiopia.svg,https://commons.wikimedia.org/wiki/File:Flag_of_Ethiopia.svg,Q115
127,フィジー,フィジー,current,http://commons.wikimedia.org/wiki/Special:FilePath/Flag_of_Fiji.svg,https://commons.wikimedia.org/wiki/File:Flag_of_Fiji.svg,Q712
128,フィンランド,フィンランド,current,http://commons.wikimedia.org/wiki/Special:FilePath/Flag_of_Finland.svg,https://commons.wikimedia.org/wiki/File:Flag_of_Finland.svg,Q33
129,リヒテンシュタイン,リヒテンシュタイン,current,http://commons.wikimedia.org/wiki/Special:FilePath/Flag_of_Liechtenstein.svg,https://commons.wikimedia.org/wiki/File:Flag_of_Liechtenstein.svg,Q347
130,リトアニア,リトアニア,current,http://commons.wikimedia.org/wiki/Special:FilePath/Flag_of_Lithuania.svg,https://commons.wikimedia.org/wiki/File:Flag_of_Lithuania.svg,Q37
131,ルクセンブルク,ルクセンブルク,current,http://commons.wikimedia.org/wiki/Special:FilePath/Flag_of_Luxembourg.svg,https://commons.wikimedia.org/wiki/File:Flag_of_Luxembourg.svg,Q32
132,マダガスカル,マダガスカル,current,http://commons.wikimedia.org/wiki/Special:FilePath/Flag_of_Madagascar.svg,https://commons.wikimedia.org/wiki/File:Flag_of_Madagascar.svg,Q1019
133,マラウィ,マラウィ,current,http://commons.wikimedia.org/wiki/Special:FilePath/Flag_of_Malawi.svg,https://commons.wikimedia.org/wiki/File:Flag_of_Malawi.svg,Q1020
134,マレーシア,マレーシア,current,http://commons.wikimedia.org/wiki/Special:FilePath/Flag_of_Malaysia.svg,https://commons.wikimedia.org/wiki/File:Flag_of_Malaysia.svg,Q833
135,モルディブ,モルディブ,current,http://commons.wikimedia.org/wiki/Special:FilePath/Flag_of_Maldives.svg,https://commons.wikimedia.org/wiki/File:Flag_of_Maldives.svg,Q826
136,マリ,マリ,current,http://commons.wikimedia.org/wiki/Special:FilePath/Flag_of_Mali.svg,https://commons.wikimedia.org/wiki/File:Flag_of_Mali.svg,Q912
137,マルタ,マルタ,current,http://commons.wikimedia.org/wiki/Special:FilePath/Flag_of_Malta.svg,https://commons.wikimedia.org/wiki/File:Flag_of_Malta.svg,Q233
138,マーシャル,マーシャル,current,http://commons.wikimedia.org/wiki/Special:FilePath/Flag_of_the_Marshall_Islands.svg,https://commons.wikimedia.org/wiki/File:Flag_of_the_Marshall_Islands.svg,Q709
139,モーリタニア,モーリタニア,current,http://commons.wikimedia.org/wiki/Special:FilePath/Flag_of_Mauritania.svg,https://commons.wikimedia.org/wiki/File:Flag_of_Mauritania.svg,Q1025
140,モーリシャス,モーリシャス,current,http://commons.wikimedia.org/wiki/Special:FilePath/Flag_of_Mauritius.svg,https://commons.wikimedia.org/wiki/File:Flag_of_Mauritius.svg,Q1027
141,メキシコ,メキシコ,current,http://commons.wikimedia.org/wiki/Special:FilePath/Flag_of_Mexico.svg,https://commons.wikimedia.org/wiki/File:Flag_of_Mexico.svg,Q96
142,ミクロネシア,ミクロネシア,current,http://commons.wikimedia.org/wiki/Special:FilePath/Flag_of_the_Federated_States_of_Micronesia.svg,https://commons.wikimedia.org/wiki/File:Flag_of_the_Federated_States_of_Micronesia.svg,Q702
143,モナコ,モナコ,current,http://commons.wikimedia.org/wiki/Special:FilePath/Flag_of_Monaco.svg,https://commons.wikimedia.org/wiki/File:Flag_of_Monaco.svg,Q235
144,モンゴル,モンゴル,current,http://commons.wikimedia.org/wiki/Special:FilePath/Flag_of_Mongolia.svg,https://commons.wikimedia.org/wiki/File:Flag_of_Mongolia.svg,Q711
145,モンテネグロ,モンテネグロ,current,http://commons.wikimedia.org/wiki/Special:FilePath/Flag_of_Montenegro.svg,https://commons.wikimedia.org/wiki/File:Flag_of_Montenegro.svg,Q236
146,モロッコ,モロッコ,current,http://commons.wikimedia.org/wiki/Special:FilePath/Flag_of_Morocco.svg,https://commons.wikimedia.org/wiki/File:Flag_of_Morocco.svg,Q1028
147,モザンビーク,モザンビーク,current,http://commons.wikimedia.org/wiki/Special:FilePath/Flag_of_Mozambique.svg,https://commons.wikimedia.org/wiki/File:Flag_of_Mozambique.svg,Q1029
148,ミャンマー,ミャンマー,current,http://commons.wikimedia.org/wiki/Special:FilePath/Flag_of_Myanmar.svg,https://commons.wikimedia.org/wiki/File:Flag_of_Myanmar.svg,Q836
149,ナミビア,ナミビア,current,http://commons.wikimedia.org/wiki/Special:FilePath/Flag_of_Namibia.svg,https://commons.wikimedia.org/wiki/File:Flag_of_Namibia.svg,Q1030
150,ナウル,ナウル,current,http://commons.wikimedia.org/wiki/Special:FilePath/Flag_of_Nauru.svg,https://commons.wikimedia.org/wiki/File:Flag_of_Nauru.svg,Q697
151,ネパール,ネパール,current,http://commons.wikimedia.org/wiki/Special:FilePath/Flag_of_Nepal.svg,https://commons.wikimedia.org/wiki/File:Flag_of_Nepal.svg,Q837
152,オランダ,オランダ,current,http://commons.wikimedia.org/wiki/Special:FilePath/Flag_of_the_Netherlands.svg,https://commons.wikimedia.org/wiki/File:Flag_of_the_Netherlands.svg,Q29999
153,ニュージーランド,ニュージーランド,current,http://commons.wikimedia.org/wiki/Special:FilePath/Flag_of_New_Zealand.svg,https://commons.wikimedia.org/wiki/File:Flag_of_New_Zealand.svg,Q664
154,ニカラグア,ニカラグア,current,http://commons.wikimedia.org/wiki/Special:FilePath/Flag_of_Nicaragua.svg,https://commons.wikimedia.org/wiki/File:Flag_of_Nicaragua.svg,Q811
155,ニジェール,ニジェール,current,http://commons.wikimedia.org/wiki/Special:FilePath/Flag_of_Niger.svg,https://commons.wikimedia.org/wiki/File:Flag_of_Niger.svg,Q1032
156,ナイジェリア,ナイジェリア,current,http://commons.wikimedia.org/wiki/Special:FilePath/Flag_of_Nigeria.svg,https://commons.wikimedia.org/wiki/File:Flag_of_Nigeria.svg,Q1033
157,ノルウェー,ノルウェー,current,http://commons.wikimedia.org/wiki/Special:FilePath/Flag_of_Norway.svg,https://commons.wikimedia.org/wiki/File:Flag_of_Norway.svg,Q20
158,オマーン,オマーン,current,http://commons.wikimedia.org/wiki/Special:FilePath/Flag_of_Oman.svg,https://commons.wikimedia.org/wiki/File:Flag_of_Oman.svg,Q842
159,パキスタン,パキスタン,current,http://commons.wikimedia.org/wiki/Special:FilePath/Flag_of_Pakistan.svg,https://commons.wikimedia.org/wiki/File:Flag_of_Pakistan.svg,Q843
160,パナマ,パナマ,current,http://commons.wikimedia.org/wiki/Special:FilePath/Flag_of_Panama.svg,https://commons.wikimedia.org/wiki/File:Flag_of_Panama.svg,Q804
161,パプア・ニューギニア,パプア・ニューギニア,current,http://commons.wikimedia.org/wiki/Special:FilePath/Flag_of_Papua_New_Guinea.svg,https://commons.wikimedia.org/wiki/File:Flag_of_Papua_New_Guinea.svg,Q691
162,パラグアイ,パラグアイ,current,http://commons.wikimedia.org/wiki/Special:FilePath/Flag_of_Paraguay.svg,https://commons.wikimedia.org/wiki/File:Flag_of_Paraguay.svg,Q733
163,ペルー,ペルー,current,http://commons.wikimedia.org/wiki/Special:FilePath/Flag_of_Peru.svg,https://commons.wikimedia.org/wiki/File:Flag_of_Peru.svg,Q419
164,フィリピン,フィリピン,current,http://commons.wikimedia.org/wiki/Special:FilePath/Flag_of_the_Philippines.svg,https://commons.wikimedia.org/wiki/File:Flag_of_the_Philippines.svg,Q928
165,マケドニア,マケドニア,current,http://commons.wikimedia.org/wiki/Special:FilePath/Flag_of_North_Macedonia.svg,https://commons.wikimedia.org/wiki/File:Flag_of_North_Macedonia.svg,Q221
166,東ティモール,東ティモール,current,http://commons.wikimedia.org/wiki/Special:FilePath/Flag_of_East_Timor.svg,https://commons.wikimedia.org/wiki/File:Flag_of_East_Timor.svg,Q574
167,トーゴ,トーゴ,current,http://commons.wikimedia.org/wiki/Special:FilePath/Flag_of_Togo_%283-2%29.svg,https://commons.wikimedia.org/wiki/File:Flag_of_Togo_%283-2%29.svg,Q945
168,チュニジア,チュニジア,current,http://commons.wikimedia.org/wiki/Special:FilePath/Flag_of_Tunisia.svg,https://commons.wikimedia.org/wiki/File:Flag_of_Tunisia.svg,Q948
169,トルクメニスタン,トルクメニスタン,current,http://commons.wikimedia.org/wiki/Special:FilePath/Flag_of_Turkmenistan.svg,https://commons.wikimedia.org/wiki/File:Flag_of_Turkmenistan.svg,Q874
170,アラブ首長国連邦,アラブ首長国連邦,current,http://commons.wikimedia.org/wiki/Special:FilePath/Flag_of_the_United_Arab_Emirates.svg,https://commons.wikimedia.org/wiki/File:Flag_of_the_United_Arab_Emirates.svg,Q878
171,ウルグアイ,ウルグアイ,current,http://commons.wikimedia.org/wiki/Special:FilePath/Flag_of_Uruguay.svg,https://commons.wikimedia.org/wiki/File:Flag_of_Uruguay.svg,Q77
172,ウズベキスタン,ウズベキスタン,current,http://commons.wikimedia.org/wiki/Special:FilePath/Flag_of_Uzbekistan.svg,https://commons.wikimedia.org/wiki/File:Flag_of_Uzbekistan.svg,Q265
173,バヌアツ,バヌアツ,current,http://commons.wikimedia.org/wiki/Special:FilePath/Flag_of_Vanuatu.svg,https://commons.wikimedia.org/wiki/File:Flag_of_Vanuatu.svg,Q686
174,ベトナム,ベトナム,current,http://commons.wikimedia.org/wiki/Special:FilePath/Flag_of_Vietnam.svg,https://commons.wikimedia.org/wiki/File:Flag_of_Vietnam.svg,Q881
175,イエメン,イエメン,current,http://commons.wikimedia.org/wiki/Special:FilePath/Flag_of_Yemen.svg,https://commons.wikimedia.org/wiki/File:Flag_of_Yemen.svg,Q805
176,ザンビア,ザンビア,current,http://commons.wikimedia.org/wiki/Special:FilePath/Flag_of_Zambia.svg,https://commons.wikimedia.org/wiki/File:Flag_of_Zambia.svg,Q953
177,中国,中国,current,http://commons.wikimedia.org/wiki/Special:FilePath/Flag_of_the_People%27s_Republic_of_China.svg,https://commons.wikimedia.org/wiki/File:Flag_of_the_People%27s_Republic_of_China.svg,Q148
178,エクアドル,エクアドル,current,http://commons.wikimedia.org/wiki/Special:FilePath/Flag_of_Ecuador.svg,https://commons.wikimedia.org/wiki/File:Flag_of_Ecuador.svg,Q736
179,ギニア,ギニア,current,http://commons.wikimedia.org/wiki/Special:FilePath/Flag_of_Equatorial_Guinea.svg,https://commons.wikimedia.org/wiki/File:Flag_of_Equatorial_Guinea.svg,Q983
180,エストニア,エストニア,current,http://commons.wikimedia.org/wiki/Special:FilePath/Flag_of_Estonia.svg,https://commons.wikimedia.org/wiki/File:Flag_of_Estonia.svg,Q191
181,パラオ,パラオ,current,http://commons.wikimedia.org/wiki/Special:FilePath/Flag_of_Palau.svg,https://commons.wikimedia.org/wiki/File:Flag_of_Palau.svg,Q695
182,トンガ,トンガ,current,http://commons.wikimedia.org/wiki/Special:FilePath/Flag_of_Tonga.svg,https://commons.wikimedia.org/wiki/File:Flag_of_Tonga.svg,Q678
183,トリニダード・トバゴ,トリニダード・トバゴ,current,http://commons.wikimedia.org/wiki/Special:FilePath/Flag_of_Trinidad_and_Tobago.svg,https://commons.wikimedia.org/wiki/File:Flag_of_Trinidad_and_Tobago.svg,Q754
184,トルコ,トルコ,current,http://commons.wikimedia.org/wiki/Special:FilePath/Flag_of_Turkey.svg,https://commons.wikimedia.org/wiki/File:Flag_of_Turkey.svg,Q43
185,ツバル,ツバル,current,http://commons.wikimedia.org/wiki/Special:FilePath/Flag_of_Tuvalu.svg,https://commons.wikimedia.org/wiki/File:Flag_of_Tuvalu.svg,Q672
186,ウガンダ,ウガンダ,current,http://commons.wikimedia.org/wiki/Special:FilePath/Flag_of_Uganda.svg,https://commons.wikimedia.org/wiki/File:Flag_of_Uganda.svg,Q1036
187,ウクライナ,ウクライナ,current,http://commons.wikimedia.org/wiki/Special:FilePath/Flag_of_Ukraine.svg,https://commons.wikimedia.org/wiki/File:Flag_of_Ukraine.svg,Q212
188,イギリス,イギリス,current,http://commons.wikimedia.org/wiki/Special:FilePath/Flag_of_the_United_Kingdom_%283-5%29.svg,https://commons.wikimedia.org/wiki/File:Flag_of_the_United_Kingdom_%283-5%29.svg,Q145
189,タンザニア,タンザニア,current,http://commons.wikimedia.org/wiki/Special:FilePath/Flag_of_Tanzania.svg,https://commons.wikimedia.org/wiki/File:Flag_of_Tanzania.svg,Q924
190,アメリカ,アメリカ,current,http://commons.wikimedia.org/wiki/Special:FilePath/Flag_of_the_United_States_%28DDD-F-416E_specifications%29.svg,https://commons.wikimedia.org/wiki/File:Flag_of_the_United_States_%28DDD-F-416E_specifications%29.svg,Q30
191,ベネズエラ,ベネズエラ,current,http://commons.wikimedia.org/wiki/Special:FilePath/Flag_of_Venezuela.svg,https://commons.wikimedia.org/wiki/File:Flag_of_Venezuela.svg,Q717
192,ジンバブエ,ジンバブエ,current,http://commons.wikimedia.org/wiki/Special:FilePath/Flag_of_Zimbabwe.svg,https://commons.wikimedia.org/wiki/File:Flag_of_Zimbabwe.svg,Q954