id,original,surface,pronunciation,type
0,チャールズ・キッテル,キッテル,キッテル,family
0,チャールズ・キッテル,チャールズ・キッテル,チャールズ・キッテル,full
1,JJサクライ,サクライ,サクライ,family
1,JJサクライ,JJサクライ,ジェージェーサクライ,full
2,J・D・ジャクソン,ジャクソン,ジャクソン,family
2,J・D・ジャクソン,J・D・ジャクソン,ジェーディージャクソン,full
3,ジョン・ウィリアム・ストラット,レイリー,レイリー,family
3,ジョン・ウィリアム・ストラット,ジョン・ウィリアム・ストラット,ストラット,full
3,ジョン・ウィリアム・ストラット,ジョン・ウィリアム・ストラット,ジョン・ウィリアム・ストラット,full
4,ヘンドリック・ローレンス,ローレンス,ローレンス,family
4,ヘンドリック・ローレンス,ヘンドリック・ローレンス,ヘンドリック・ローレンス,full
5,ニルス・グスタフ・ダレーン,ダレーン,ダレーン,family
5,ニルス・グスタフ・ダレーン,ニルス・グスタフ・ダレーン,ニルス・グスタフ・ダレーン,full
6,ヘイケ・カメルリング・オネス,オネス,オネス,family
6,ヘイケ・カメルリング・オネス,ヘイケ・カメルリング・オネス,ヘイケ・カメルリング・オネス,full
7,ヘンリー・ブラッグ,ブラッグ,ブラッグ,family
7,ヘンリー・ブラッグ,ヘンリー・ブラッグ,ヘンリー・ブラッグ,full
8,ローレンス・ブラッグ,ブラッグ,ブラッグ,family
8,ローレンス・ブラッグ,ローレンス・ブラッグ,ローレンス・ブラッグ,full
9,ヨハネス・シュタルク,シュタルク,シュタルク,family
9,ヨハネス・シュタルク,ヨハネス・シュタルク,ヨハネス・シュタルク,full
10,シャルル・エドワール・ギヨーム,ギヨーム,ギヨーム,family
10,シャルル・エドワール・ギヨーム,シャルル・エドワール・ギヨーム,シャルル・エドワール・ギヨーム,full
11,アーサー・コンプトン,コンプトン,コンプトン,family
11,アーサー・コンプトン,アーサー・コンプトン,アーサー・コンプトン,full
12,オーエン・リチャードソン,リチャードソン,リチャードソン,family
12,オーエン・リチャードソン,オーエン・リチャードソン,オーエン・リチャードソン,full
13,フィクトール・フランツ・ヘス,ヘス,ヘス,family
13,フィクトール・フランツ・ヘス,フィクトール・フランツ・ヘス,フィクトール・フランツ・ヘス,full
14,オットー・シュテルン,シュテルン,シュテルン,family
14,オットー・シュテルン,オットー・シュテルン,オットー・シュテルン,full
15,エドワード・アップルトン,アップルトン,アップルトン,family
15,エドワード・アップルトン,エドワード・アップルトン,エドワード・アップルトン,full
16,セシル・パウエル,パウエル,パウエル,family
16,セシル・パウエル,セシル・パウエル,セシル・パウエル,full
17,フェリックス・ブロッホ,ブロッホ,ブロッホ,family
17,フェリックス・ブロッホ,フェリックス・ブロッホ,フェリックス・ブロッホ,full
18,ヴァルター・ボーテ,ボーテ,ボーテ,family
18,ヴァルター・ボーテ,ヴァルター・ボーテ,ヴァルター・ボーテ,full
19,ウィリス・ラム,ラム,ラム,family
19,ウィリス・ラム,ウィリス・ラム,ウィリス・ラム,full
20,ポリカプ・クッシュ,クッシュ,クッシュ,family
20,ポリカプ・クッシュ,ポリカプ・クッシュ,ポリカプ・クッシュ,full
21,オーウェン・チェンバレン,チェンバレン,チェンバレン,family
21,オーウェン・チェンバレン,オーウェン・チェンバレン,オーウェン・チェンバレン,full
22,ドナルド・グレーザー,グレーザー,グレーザー,family
22,ドナルド・グレーザー,ドナルド・グレーザー,ドナルド・グレーザー,full
23,ロバート・ホフスタッター,ホフスタッター,ホフスタッター,family
23,ロバート・ホフスタッター,ロバート・ホフスタッター,ロバート・ホフスタッター,full
24,ルドルフ・メスバウアー,メスバウアー,メスバウアー,family
24,ルドルフ・メスバウアー,ルドルフ・メスバウアー,ルドルフ・メスバウアー,full
25,ヨハネス・ハンス・イェンゼン,イェンゼン,イェンゼン,family
25,ヨハネス・ハンス・イェンゼン,ヨハネス・ハンス・イェンゼン,ヨハネス・ハンス・イェンゼン,full
26,チャールズ・タウンズ,タウンズ,タウンズ,family
26,チャールズ・タウンズ,チャールズ・タウンズ,チャールズ・タウンズ,full
27,ニコライ・バソフ,バソフ,バソフ,family
27,ニコライ・バソフ,ニコライ・バソフ,ニコライ・バソフ,full
28,アルフレッド・カストレル,カストレル,カストレル,family
28,アルフレッド・カストレル,アルフレッド・カストレル,アルフレッド・カストレル,full
29,ルイ・アルヴァレ,アルヴァレ,アルヴァレ,family
29,ルイ・アルヴァレ,ルイ・アルヴァレ,ルイ・アルヴァレ,full
30,ハンス・アルヴェーン,アルヴェーン,アルヴェーン,family
30,ハンス・アルヴェーン,ハンス・アルヴェーン,ハンス・アルヴェーン,full
31,ルイ・ネール,ネール,ネール,family
31,ルイ・ネール,ルイ・ネール,ルイ・ネール,full
32,ガーボル・デーネシュ,デーネシュ,デーネシュ,family
32,ガーボル・デーネシュ,ガーボル・デーネシュ,ガーボル・デーネシュ,full
33,ジョン・ロバート・シュリーファー,シュリーファー,シュリーファー,family
33,ジョン・ロバート・シュリーファー,ジョン・ロバート・シュリーファー,ジョン・ロバート・シュリーファー,full
34,アイヴァー・ジェーバー,ジェーバー,ジェーバー,family
34,アイヴァー・ジェーバー,アイヴァー・ジェーバー,アイヴァー・ジェーバー,full
35,マーティン・ライル,ライル,ライル,family
35,マーティン・ライル,マーティン・ライル,マーティン・ライル,full
36,アントニー・ヒューイッシュ,ヒューイッシュ,ヒューイッシュ,family
36,アントニー・ヒューイッシュ,アントニー・ヒューイッシュ,アントニー・ヒューイッシュ,full
37,レオ・ジェームス・レインウォーター,レインウォーター,レインウォーター,family
37,レオ・ジェームス・レインウォーター,レオ・ジェームス・レインウォーター,レオ・ジェームス・レインウォーター,full
38,バートン・リヒター,リヒター,リヒター,family
38,バートン・リヒター,バートン・リヒター,バートン・リヒター,full
39,サミュエル・ティン,ティン,ティン,family
39,サミュエル・ティン,サミュエル・ティン,サミュエル・ティン,full
40,ジョン・ヴァン・ヴレック,ヴレック,ヴレック,family
40,ジョン・ヴァン・ヴレック,ジョン・ヴァン・ヴレック,ジョン・ヴァン・ヴレック,full
41,ピョートル・カピッツァ,カピッツァ,カピッツァ,family
41,ピョートル・カピッツァ,ピョートル・カピッツァ,ピョートル・カピッツァ,full
42,アーノ・ペンジアス,ペンジアス,ペンジアス,family
42,アーノ・ペンジアス,アーノ・ペンジアス,アーノ・ペンジアス,full
43,ロバート・W・ウィルソン,ウィルソン,ウィルソン,family
43,ロバート・W・ウィルソン,ロバート・W・ウィルソン,ロバート・W・ウィルソン,full
44,シェルド・グランショー,グランショー,グランショー,family
44,シェルド・グランショー,シェルド・グランショー,シェルド・グランショー,full
45,ジェイムズ・クローニン,クローニン,クローニン,family
45,ジェイムズ・クローニン,ジェイムズ・クローニン,ジェイムズ・クローニン,full
46,ヴァル・フィッチ,フィッチ,フィッチ,family
46,ヴァル・フィッチ,ヴァル・フィッチ,ヴァル・フィッチ,full
47,ニコラス・ブルームバーゲン,ブルームバーゲン,ブルームバーゲン,family
47,ニコラス・ブルームバーゲン,ニコラス・ブルームバーゲン,ニコラス・ブルームバーゲン,full
48,アーサー・ショーロー,ショーロー,ショーロー,family
48,アーサー・ショーロー,アーサー・ショーロー,アーサー・ショーロー,full
49,ケネス・ウィルソン,ウィルソン,ウィルソン,family
49,ケネス・ウィルソン,ケネス・ウィルソン,ケネス・ウィルソン,full
50,ウィリアム・ファウラー,ファウラー,ファウラー,family
50,ウィリアム・ファウラー,ウィリアム・ファウラー,ウィリアム・ファウラー,full
51,シモン・ファンデルメール,ファンデルメール,ファンデルメール,family
51,シモン・ファンデルメール,シモン・ファンデルメール,シモン・ファンデルメール,full
52,クラウス・フォン・クリッツィング,クリッツィング,クリッツィング,family
52,クラウス・フォン・クリッツィング,クラウス・フォン・クリッツィング,クラウス・フォン・クリッツィング,full
53,ゲルト・ビーニッヒ,ビーニッヒ,ビーニッヒ,family
53,ゲルト・ビーニッヒ,ゲルト・ビーニッヒ,ゲルト・ビーニッヒ,full
54,ハインリッフ・ローラー,ローラー,ローラー,family
54,ハインリッフ・ローラー,ハインリッフ・ローラー,ハインリッフ・ローラー,full
55,ヨハネス・ベドノルツ,ベドノルツ,ベドノルツ,family
55,ヨハネス・ベドノルツ,ヨハネス・ベドノルツ,ヨハネス・ベドノルツ,full
56,カール・アレクサンダー・ミュラー,ミュラー,ミュラー,family
56,カール・アレクサンダー・ミュラー,カール・アレクサンダー・ミュラー,カール・アレクサンダー・ミュラー,full
57,レオン・レーダーマン,レーダーマン,レーダーマン,family
57,レオン・レーダーマン,レオン・レーダーマン,レオン・レーダーマン,full
58,メルヴィン・シュワーツ,シュワーツ,シュワーツ,family
58,メルヴィン・シュワーツ,メルヴィン・シュワーツ,メルヴィン・シュワーツ,full
59,ジャック・シュタインバーガー,シュタインバーガー,シュタインバーガー,family
59,ジャック・シュタインバーガー,ジャック・シュタインバーガー,ジャック・シュタインバーガー,full
60,ノーマン・ラムゼー,ラムゼー,ラムゼー,family
60,ノーマン・ラムゼー,ノーマン・ラムゼー,ノーマン・ラムゼー,full
61,ハンス・デーメルト,デーメルト,デーメルト,family
61,ハンス・デーメルト,ハンス・デーメルト,ハンス・デーメルト,full
62,フォルフガング・パウル,パウル,パウル,family
62,フォルフガング・パウル,フォルフガング・パウル,フォルフガング・パウル,full
63,ジェローム・アイザック・フリードマン,フリードマン,フリードマン,family
63,ジェローム・アイザック・フリードマン,ジェローム・アイザック・フリードマン,ジェローム・アイザック・フリードマン,full
64,ヘンリー・ケンドール,ケンドール,ケンドール,family
64,ヘンリー・ケンドール,ヘンリー・ケンドール,ヘンリー・ケンドール,full
65,ピエール＝ジル・ド・ジェンヌ,ド・ジェンヌ,ド・ジェンヌ,family
65,ピエール＝ジル・ド・ジェンヌ,ピエール＝ジル・ド・ジェンヌ,ピエール＝ジル・ド・ジェンヌ,full
66,ジョルジュ・シャルパク,シャルパク,シャルパク,family
66,ジョルジュ・シャルパク,ジョルジュ・シャルパク,ジョルジュ・シャルパク,full
67,ラッセル・ハルス,ハルス,ハルス,family
67,ラッセル・ハルス,ラッセル・ハルス,ラッセル・ハルス,full
68,ジョゼフ・テイラー,テイラー,テイラー,family
68,ジョゼフ・テイラー,ジョゼフ・テイラー,ジョゼフ・テイラー,full
69,バートラム・ブロックハウス,ブロックハウス,ブロックハウス,family
69,バートラム・ブロックハウス,バートラム・ブロックハウス,バートラム・ブロックハウス,full
70,クリフォード・シャル,シャル,シャル,family
70,クリフォード・シャル,クリフォード・シャル,クリフォード・シャル,full
71,マーチン・パール,パール,パール,family
71,マーチン・パール,マーチン・パール,マーチン・パール,full
72,フレデリック・ライネス,ライネス,ライネス,family
72,フレデリック・ライネス,フレデリック・ライネス,フレデリック・ライネス,full
73,デビッド・リー,リー,リー,family
73,デビッド・リー,デビッド・リー,デビッド・リー,full
74,ダグラス・Ｄ・オシェロフ,オシェロフ,オシェロフ,family
74,ダグラス・Ｄ・オシェロフ,ダグラス・Ｄ・オシェロフ,ダグラス・Ｄ・オシェロフ,full
75,ロバート・リチャードソン,リチャードソン,リチャードソン,family
75,ロバート・リチャードソン,ロバート・リチャードソン,ロバート・リチャードソン,full
76,スティーブン・チュー,チュー,チュー,family
76,スティーブン・チュー,スティーブン・チュー,スティーブン・チュー,full
77,ウィリアム・ダニエル・フィリップス,フィリップス,フィリップス,family
77,ウィリアム・ダニエル・フィリップス,ウィリアム・ダニエル・フィリップス,ウィリアム・ダニエル・フィリップス,full
78,ホルスト・ルートヴィヒ・シュテルマー,シュテルマー,シュテルマー,family
78,ホルスト・ルートヴィヒ・シュテルマー,ホルスト・ルートヴィヒ・シュテルマー,ホルスト・ルートヴィヒ・シュテルマー,full
79,ダニエル・ツイ,ツイ,ツイ,family
79,ダニエル・ツイ,ダニエル・ツイ,ダニエル・ツイ,full
80,ゲラルド・トフーフト,トフーフト,トフーフト,family
80,ゲラルド・トフーフト,ゲラルド・トフーフト,ゲラルド・トフーフト,full
81,ジョレス・アルフョーロフ,アルヒョーロフ,アルヒョーロフ,family
81,ジョレス・アルフョーロフ,ジョレス・アルフョーロフ,ジョレス・アルフョーロフ,full
82,ハーバート・クレーマー,クレーマー,クレーマー,family
82,ハーバート・クレーマー,ハーバート・クレーマー,ハーバート・クレーマー,full
83,ジャック・キルビー,キルビー,キルビー,family
83,ジャック・キルビー,ジャック・キルビー,ジャック・キルビー,full
84,エリック・コーネル,コーネル,コーネル,family
84,エリック・コーネル,エリック・コーネル,エリック・コーネル,full
85,フォルフガング・ケターレ,ケターレ,ケターレ,family
85,フォルフガング・ケターレ,フォルフガング・ケターレ,フォルフガング・ケターレ,full
86,レイモンド・デービス,デービス,デービス,family
86,レイモンド・デービス,レイモンド・デービス,レイモンド・デービス,full
87,アンソニー・レゲット,レゲット,レゲット,family
87,アンソニー・レゲット,アンソニー・レゲット,アンソニー・レゲット,full
88,デイビッド・グロス,グロス,グロス,family
88,デイビッド・グロス,デイビッド・グロス,デイビッド・グロス,full
89,H・デビッド・ポリツァー,ポリツァー,ポリツァー,family
89,H・デビッド・ポリツァー,H・デビッド・ポリツァー,エイチ・デビッド・ポリツァー,full
90,ジョン・C・マザー,マザー,マザー,family
90,ジョン・C・マザー,ジョン・C・マザー,ジョン・シー・マザー,full
91,ジョージ・スムート,スムート,スムート,family
91,ジョージ・スムート,ジョージ・スムート,ジョージ・スムート,full
92,アルベール・フェール,フェール,フェール,family
92,アルベール・フェール,アルベール・フェール,アルベール・フェール,full
93,ペーター・グリューンベルク,グリューンベルク,グリューンベルク,family
93,ペーター・グリューンベルク,ペーター・グリューンベルク,ペーター・グリューンベルク,full
94,チャールズ・K・カオ,カオ,カオ,family
94,チャールズ・K・カオ,チャールズ・K・カオ,チャールズ・K・カオ,full
95,ウィラード・ボイル,ボイル,ボイル,family
95,ウィラード・ボイル,ウィラード・ボイル,ウィラード・ボイル,full
96,ジョージ・E・スミス,スミス,スミス,family
96,ジョージ・E・スミス,ジョージ・E・スミス,ジョージ・スミス,full
97,アンドレ・ガイム,ガイム,ガイム,family
97,アンドレ・ガイム,アンドレ・ガイム,アンドレ・ガイム,full
98,コンスタンチン・ノボセロフ,ノボセルフ,ノボセルフ,family
98,コンスタンチン・ノボセロフ,コンスタンチン・ノボセロフ,コンスタンチン・ノボセロフ,full
99,ブライアン・P・シュミット,シュミット,シュミット,family
99,ブライアン・P・シュミット,ブライアン・P・シュミット,ブライアン・P・シュミット,full
100,アダム・リース,リース,リース,family
100,アダム・リース,アダム・リース,アダム・リース,full
101,セルジュ・アロシュ,アロシュ,アロシュ,family
101,セルジュ・アロシュ,セルジュ・アロシュ,セルジュ・アロシュ,full
102,デーベッド・ワインランド,ワインランド,ワインランド,family
102,デーベッド・ワインランド,デーベッド・ワインランド,デーベッド・ワインランド,full
103,フランソワ・アングレール,アングレール,アングレール,family
103,フランソワ・アングレール,フランソワ・アングレール,フランソワ・アングレール,full
104,ピーター・ヒッグス,ヒッグス,ヒッグス,family
104,ピーター・ヒッグス,ピーター・ヒッグス,ピーター・ヒッグス,full
105,赤崎勇,赤崎,あかさき,family
105,赤崎勇,赤崎勇,あかさきいさむ,full
106,天野浩,天野,あまの,family
106,天野浩,天野浩,あまのひろし,full
107,中村修二,中村,なかむら,family
107,中村修二,中村修二,なかむらしゅうじ,full
108,梶田隆章,梶田,かじた,family
108,梶田隆章,梶田隆章,かじたたかあき,full
109,アーサー・Ｂ・マクドナルド,マクドナルド,マクドナルド,family
109,アーサー・Ｂ・マクドナルド,アーサー・Ｂ・マクドナルド,アーサー・Ｂ・マクドナルド,full
110,デイヴィッド・J・サウレス,サウレス,サウレス,family
110,デイヴィッド・J・サウレス,デイヴィッド・J・サウレス,デイヴィッド・J・サウレス,full
111,ダンカン・ホールデン,ホールデン,ホールデン,family
111,ダンカン・ホールデン,ダンカン・ホールデン,ダンカン・ホールデン,full
112,ジョン・Ｍ・コステリッツ,コステリッツ,コステリッツ,family
112,ジョン・Ｍ・コステリッツ,ジョン・Ｍ・コステリッツ,ジョン・Ｍ・コステリッツ,full
113,レイナー・ワイス,ワイス,ワイス,family
113,レイナー・ワイス,レイナー・ワイス,レイナー・ワイス,full
114,バリー・バリッシュ,バリッシュ,バリッシュ,family
114,バリー・バリッシュ,バリー・バリッシュ,バリーバリッシュ,full
114,バリー・バリッシュ,バリー・バリッシュ,バリー・バリッシュ,full
115,キップ・ソーン,ソーン,ソーン,family
115,キップ・ソーン,キップ・ソーン,キップ・ソーン,full
116,アーサー・アシュキン,アシュキン,アシュキン,family
116,アーサー・アシュキン,アーサー・アシュキン,アーサー・アシュキン,full
117,ジェラール・ムル,ムル,ムル,family
117,ジェラール・ムル,ジェラール・ムル,ジェラール・ムル,full
118,ドナ・ストリックランド,ストリックランド,ストリックランド,family
118,ドナ・ストリックランド,ドナ・ストリックランド,ドナ・ストリックランド,full
119,ジェームズ・ピーブルス,ピーブルス,ピーブルス,family
119,ジェームズ・ピーブルス,ジェームズ・ピーブルス,ジェームズ・ピーブルス,full
120,ミシェル・マイヨール,マイヨール,マイヨール,family
120,ミシェル・マイヨール,ミシェル・マイヨール,ミシェル・マイヨール,full
121,ディディエ・ケロー,ケロー,ケロー,family
121,ディディエ・ケロー,ディディエ・ケロー,ディディ・ケロー,full
122,エットーレ・マヨラナ,マヨラナ,マヨラナ,family
122,エットーレ・マヨラナ,エットーレ・マヨラナ,エットーレ・マヨラナ,full
123,アルキメデス,アルキメデス,アルキメデス,family
123,アルキメデス,アルキメデス,アルキメデス,full
124,ヨハネス・ケプラー,ケプラー,ケプラー,family
124,ヨハネス・ケプラー,ヨハネス・ケプラー,ヨハネス・ケプラー,full
125,ガリレオ・ガリレイ,ガリレイ,ガリレイ,family
125,ガリレオ・ガリレイ,ガリレオ・ガリレイ,ガリレオ・ガリレイ,full
126,ルネ・デカルト,デカルト,デカルト,family
126,ルネ・デカルト,ルネ・デカルト,ルネ・デカルト,full
127,エヴァンジェリスタ・トリチェリ,トリチェリ,トリチェリ,family
127,エヴァンジェリスタ・トリチェリ,エヴァンジェリスタ・トリチェリ,エヴァンジェリスタ・トリチェリ,full
128,ブレーズ・パスカル,パスカル,パスカル,family
128,ブレーズ・パスカル,ブレーズ・パスカル,ブレーズ・パスカル,full
129,ロバート・ボイル,ボイル,ボイル,family
129,ロバート・ボイル,ロバート・ボイル,ロバート・ボイル,full
130,ロバート・フック,フック,フック,family
130,ロバート・フック,ロバート・フック,ロバート・フック,full
131,クリスティアーン・ホイヘンス,ホイヘンス,ホイヘンス,family
131,クリスティアーン・ホイヘンス,クリスティアーン・ホイヘンス,クリスティアーン・ホイヘンス,full
132,アイザック・ニュートン,ニュートン,ニュートン,family
132,アイザック・ニュートン,アイザック・ニュートン,アイザック・ニュートン,full
133,ドニ・パパン,パパン,パパン,family
133,ドニ・パパン,ドニ・パパン,ドニ・パパン,full
134,ガブリエル・ファーレンハイト,ファーレンハイト,ファーレンハイト,family
134,ガブリエル・ファーレンハイト,ガブリエル・ファーレンハイト,ガブリエル・ファーレンハイト,full
135,ダニエル・ベルヌーイ,ベルヌーイ,ベルヌーイ,family
135,ダニエル・ベルヌーイ,ダニエル・ベルヌーイ,ダニエル・ベルヌーイ,full
136,ベンジャミン・フランクリン,フランクリン,フランクリン,family
136,ベンジャミン・フランクリン,ベンジャミン・フランクリン,ベンジャミン・フランクリン,full
137,レオンハルト・オイラー,オイラー,オイラー,family
137,レオンハルト・オイラー,レオンハルト・オイラー,レオンハルト・オイラー,full
138,ラウラ・バッシ,バッシ,バッシ,family
138,ラウラ・バッシ,ラウラ・バッシ,ラウラ・バッシ,full
139,ジャン・ル・ロン・ダランベール,ダランベール,ダランベール,family
139,ジャン・ル・ロン・ダランベール,ジャン・ル・ロン・ダランベール,ジャン・ル・ロン・ダランベール,full
140,ヘンリー・キャヴェンディッシュ,キャヴェンディッシュ,キャヴェンディッシュ,family
140,ヘンリー・キャヴェンディッシュ,ヘンリー・キャヴェンディッシュ,ヘンリー・キャヴェンディッシュ,full
141,シャルル・ド・クーロン,クーロン,クーロン,family
141,シャルル・ド・クーロン,シャルル・ド・クーロン,シャルル・ド・クーロン,full
142,ジョゼフ＝ルイ・ラグランジュ,ラグランジュ,ラグランジュ,family
142,ジョゼフ＝ルイ・ラグランジュ,ジョゼフ＝ルイ・ラグランジュ,ジョゼフ＝ルイ・ラグランジュ,full
143,ルイージ・ガルヴァーニ,ガルヴァーニ,ガルヴァーニ,family
143,ルイージ・ガルヴァーニ,ルイージ・ガルヴァーニ,ルイージ・ガルヴァーニ,full
144,アレッサンドロ・ボルタ,ボルタ,ボルタ,family
144,アレッサンドロ・ボルタ,アレッサンドロ・ボルタ,アレッサンドロ・ボルタ,full
145,ジャック・シャルル,シャルル,シャルル,family
145,ジャック・シャルル,ジャック・シャルル,ジャック・シャルル,full
146,ピエール＝シモン・ラプラス,ラプラス,ラプラス,family
146,ピエール＝シモン・ラプラス,ピエール＝シモン・ラプラス,ピエール＝シモン・ラプラス,full
147,ジョン・ドルトン,ドルトン,ドルトン,family
147,ジョン・ドルトン,ジョン・ドルトン,ジョン・ドルトン,full
148,ジョゼフ・フーリエ,フーリエ,フーリエ,family
148,ジョゼフ・フーリエ,ジョゼフ・フーリエ,ジョゼフ・フーリエ,full
149,トーマス・ゼーベック,ゼーベック,ゼーベック,family
149,トーマス・ゼーベック,トーマス・ゼーベック,トーマス・ゼーベック,full
150,トマス・ヤング,ヤング,ヤング,family
150,トマス・ヤング,トマス・ヤング,トマス・ヤング,full
151,アンドレ＝マリ・アンペール,アンペール,アンペール,family
151,アンドレ＝マリ・アンペール,アンドレ＝マリ・アンペール,アンドレ＝マリ・アンペール,full
152,エティエンヌ・ルイ・マリュス,マリュス,マリュス,family
152,エティエンヌ・ルイ・マリュス,エティエンヌ・ルイ・マリュス,エティエンヌ・ルイ・マリュス,full
153,ヨハン・ヴィルヘルム・リッター,リッター,リッター,family
153,ヨハン・ヴィルヘルム・リッター,ヨハン・ヴィルヘルム・リッター,ヨハン・ヴィルヘルム・リッター,full
154,カール・フリードリヒ・ガウス,フリードリヒ,フリードリヒ,family
154,カール・フリードリヒ・ガウス,カール・フリードリヒ・ガウス,カール・フリードリヒ・ガウス,full
155,ジョセフ・ルイ・ゲイ＝リュサック,ゲーリュサック,ゲーリュサック,family
155,ジョセフ・ルイ・ゲイ＝リュサック,ジョセフ・ルイ・ゲイ＝リュサック,ジョセフ・ルイ・ゲイ＝リュサック,full
156,シメオン・ドニ・ポアソン,ポアソン,ポアソン,family
156,シメオン・ドニ・ポアソン,シメオン・ドニ・ポアソン,シメオン・ドニ・ポアソン,full
157,レオポルド・ノビーリ,ノビーリ,ノビーリ,family
157,レオポルド・ノビーリ,レオポルド・ノビーリ,レオポルド・ノビーリ,full
158,アンリ・ナビエ,ナビエ,ナビエ,family
158,アンリ・ナビエ,アンリ・ナビエ,アンリ・ナビエ,full
159,ヨゼフ・フォン・フラウンホーファー,フラウンホーファー,フラウンホーファー,family
159,ヨゼフ・フォン・フラウンホーファー,ヨゼフ・フォン・フラウンホーファー,ヨゼフ・フォン・フラウンホーファー,full
160,オーギュスタン・ジャン・フレネル,フレネル,フレネル,family
160,オーギュスタン・ジャン・フレネル,オーギュスタン・ジャン・フレネル,オーギュスタン・ジャン・フレネル,full
161,アントワーヌ・セザール・ベクレル,セザール,セザール,family
161,アントワーヌ・セザール・ベクレル,アントワーヌ・セザール・ベクレル,アントワーヌ・セザール・ベクレル,full
162,マイケル・ファラデー,ファラデー,ファラデー,family
162,マイケル・ファラデー,マイケル・ファラデー,マイケル・ファラデー,full
163,ガスパール＝ギュスターヴ・コリオリ,コリオリ,コリオリ,family
163,ガスパール＝ギュスターヴ・コリオリ,ガスパール＝ギュスターヴ・コリオリ,ガスパール＝ギュスターヴ・コリオリ,full
164,ジョージ・グリーン,グリーン,グリーン,family
164,ジョージ・グリーン,ジョージ・グリーン,ジョージ・グリーン,full
165,ニコラ・レオナール・サディ・カルノー,レオナール,レオナール,family
165,ニコラ・レオナール・サディ・カルノー,ニコラ・レオナール・サディ・カルノー,ニコラ・レオナール・サディ・カルノー,full
166,マセドニオ・メローニ,メローニ,メローニ,family
166,マセドニオ・メローニ,マセドニオ・メローニ,マセドニオ・メローニ,full
167,ウィリアム・ヘンリー・フォックス・タルボット,タルボット,タルボット,family
167,ウィリアム・ヘンリー・フォックス・タルボット,ウィリアム・ヘンリー・フォックス・タルボット,トルボット,full
167,ウィリアム・ヘンリー・フォックス・タルボット,ウィリアム・ヘンリー・フォックス・タルボット,ウィリアム・ヘンリー・フォックス・タルボット,full
168,クリスチャン・ドップラー,ドップラー,ドップラー,family
168,クリスチャン・ドップラー,クリスチャン・ドップラー,クリスチャン・ドップラー,full
169,ハインリッヒ・レンツ,レンツ,レンツ,family
169,ハインリッヒ・レンツ,ハインリッヒ・レンツ,ハインリッヒ・レンツ,full
170,ウィリアム・ローワン・ハミルトン,ハミルトン,ハミルトン,family
170,ウィリアム・ローワン・ハミルトン,ウィリアム・ローワン・ハミルトン,ウィリアム・ローワン・ハミルトン,full
171,カルロ・マテウッチ,マテウッチ,マテウッチ,family
171,カルロ・マテウッチ,カルロ・マテウッチ,カルロ・マテウッチ,full
172,ユリウス・ロベルト・フォン・マイヤー,マイヤー,マイヤー,family
172,ユリウス・ロベルト・フォン・マイヤー,ユリウス・ロベルト・フォン・マイヤー,ユリウス・ロベルト・フォン・マイヤー,full
173,アンデルス・オングストローム,オングストローム,オングストローム,family
173,アンデルス・オングストローム,アンデルス・オングストローム,アンデルス・オングストローム,full
174,ジェームズ・プレスコット・ジュール,ジュール,ジュール,family
174,ジェームズ・プレスコット・ジュール,ジェームズ・プレスコット・ジュール,ジェームズ・プレスコット・ジュール,full
175,レオン・フーコー,フーコー,フーコー,family
175,レオン・フーコー,レオン・フーコー,レオン・フーコー,full
176,アルマン・フィゾー,フィゾー,フィゾー,family
176,アルマン・フィゾー,アルマン・フィゾー,アルマン・フィゾー,full
177,ジョージ・ガブリエル・ストークス,ストークス,ストークス,family
177,ジョージ・ガブリエル・ストークス,ジョージ・ガブリエル・ストークス,ジョージ・ガブリエル・ストークス,full
178,ジョン・ティンダル,ティンダル,ティンダル,family
178,ジョン・ティンダル,ジョン・ティンダル,ジョン・ティンダル,full
179,ヘルマン・フォン・ヘルムホルツ,ヘルムホルツ,ヘルムホルツ,family
179,ヘルマン・フォン・ヘルムホルツ,ヘルマン・フォン・ヘルムホルツ,ヘルマン・フォン・ヘルムホルツ,full
180,ヨハン・ロシュミット,ロシュミット,ロシュミット,family
180,ヨハン・ロシュミット,ヨハン・ロシュミット,ヨハン・ロシュミット,full
181,ルドルフ・クラウジウス,クラウジウス,クラウジウス,family
181,ルドルフ・クラウジウス,ルドルフ・クラウジウス,ルドルフ・クラウジウス,full
182,グスタフ・キルヒホフ,キルヒホフ,キルヒホフ,family
182,グスタフ・キルヒホフ,グスタフ・キルヒホフ,グスタフ・キルヒホフ,full
183,ウィリアム・トムソン, ケルヴィン卿, ケルヴィン卿,family
183,ウィリアム・トムソン,ウィリアム・トムソン,トムソン,full
183,ウィリアム・トムソン,ケルヴィン,ケルヴィン,full
183,ウィリアム・トムソン,ウィリアム・トムソン,ウィリアム・トムソン,full
183,ウィリアム・トムソン,トムソン,トムソン,full
183,ウィリアム・トムソン,ウィリアム・トムソン,ウィリアム・トムソン,full
183,ウィリアム・トムソン, ケルヴィン卿, ケルヴィン卿,full
184,ヴィルヘルム・ヒットルフ,ヒットルフ,ヒットルフ,family
184,ヴィルヘルム・ヒットルフ,ヴィルヘルム・ヒットルフ,ヴィルヘルム・ヒットルフ,full
185,ロータル・マイヤー,マイヤー,マイヤー,family
185,ロータル・マイヤー,ロータル・マイヤー,ロータル・マイヤー,full
186,ジェームズ・クラーク・マクスウェル,クラーク,クラーク,family
186,ジェームズ・クラーク・マクスウェル,ジェームズ・クラーク・マクスウェル,ジェームズ・クラーク・マクスウェル,full
187,ウィリアム・クルックス,クルックス,クルックス,family
187,ウィリアム・クルックス,ウィリアム・クルックス,ウィリアム・クルックス,full
188,ドミトリ・メンデレーエフ,メンデレーエフ,メンデレーエフ,family
188,ドミトリ・メンデレーエフ,ドミトリ・メンデレーエフ,ドミトリ・メンデレーエフ,full
189,ヨハネス・ファン・デル・ワールス,ファンデルワールス,ファンデルワールス,family
189,ヨハネス・ファン・デル・ワールス,ヨハネス・ファン・デル・ワールス,ヨハネス・ファン・デル・ワールス,full
190,エルンスト・マッハ,マッハ,マッハ,family
190,エルンスト・マッハ,エルンスト・マッハ,エルンスト・マッハ,full
191,エドワード・モーリー,モーリー,モーリー,family
191,エドワード・モーリー,エドワード・モーリー,エドワード・モーリー,full
192,ウィラード・ギブズ,ギブズ,ギブズ,family
192,ウィラード・ギブズ,ウィラード・ギブズ,ウィラード・ギブズ,full
193,エルンスト・アッベ,アッベ,アッベ,family
193,エルンスト・アッベ,エルンスト・アッベ,エルンスト・アッベ,full
194,アントニオ・パチノッティ,パチノッティ,パチノッティ,family
194,アントニオ・パチノッティ,アントニオ・パチノッティ,アントニオ・パチノッティ,full
195,ジェイムズ・デュワー,デュワー,デュワー,family
195,ジェイムズ・デュワー,ジェイムズ・デュワー,ジェイムズ・デュワー,full
196,ルートヴィッヒ・ボルツマン,ボルツマン,ボルツマン,family
196,ルートヴィッヒ・ボルツマン,ルートヴィッヒ・ボルツマン,ルートヴィッヒ・ボルツマン,full
197,ヴィルヘルム・レントゲン,レントゲン,レントゲン,family
197,ヴィルヘルム・レントゲン,ヴィルヘルム・レントゲン,ヴィルヘルム・レントゲン,full
198,ガブリエル・リップマン,リップマン,リップマン,family
198,ガブリエル・リップマン,ガブリエル・リップマン,ガブリエル・リップマン,full
199,エトヴェシュ・ロラーンド,ロラーンド,ロラーンド,family
199,エトヴェシュ・ロラーンド,エトヴェシュ・ロラーンド,エトヴェシュ・ロラーンド,full
200,ルネ・ブロンロ,ブロンロ,ブロンロ,family
200,ルネ・ブロンロ,ルネ・ブロンロ,ルネ・ブロンロ,full
201,フェルディナント・ブラウン,ブラウン,ブラウン,family
201,フェルディナント・ブラウン,フェルディナント・ブラウン,フェルディナント・ブラウン,full
202,アウグスト・リーギ,リーギ,リーギ,family
202,アウグスト・リーギ,アウグスト・リーギ,アウグスト・リーギ,full
203,ジョージ・フィッツジェラルド,フィッツジェラルド,フィッツジェラルド,family
203,ジョージ・フィッツジェラルド,ジョージ・フィッツジェラルド,ジョージ・フィッツジェラルド,full
204,アンリ・ベクレル,ベクレル,ベクレル,family
204,アンリ・ベクレル,アンリ・ベクレル,アンリ・ベクレル,full
205,アルバート・マイケルソン,マイケルソン,マイケルソン,family
205,アルバート・マイケルソン,アルバート・マイケルソン,アルバート・マイケルソン,full
206,ヘンドリック・ローレンツ,ローレンツ,ローレンツ,family
206,ヘンドリック・ローレンツ,ヘンドリック・ローレンツ,ヘンドリック・ローレンツ,full
207,ジョゼフ・ジョン・トムソン,トムソン,トムソン,family
207,ジョゼフ・ジョン・トムソン,ジョゼフ・ジョン・トムソン,ジョゼフ・ジョン・トムソン,full
208,田中舘愛橘,田中舘,タナカダテ,family
208,田中舘愛橘,田中舘愛橘,タナカダテアイキツ,full
209,ハインリヒ・ヘルツ,ヘルツ,ヘルツ,family
209,ハインリヒ・ヘルツ,ハインリヒ・ヘルツ,ハインリヒ・ヘルツ,full
210,クヌート・オングストローム,オングストローム,オングストローム,family
210,クヌート・オングストローム,クヌート・オングストローム,クヌート・オングストローム,full
211,ジョゼフ・ラーモア,ラーモア,ラーモア,family
211,ジョゼフ・ラーモア,ジョゼフ・ラーモア,ジョゼフ・ラーモア,full
212,マックス・プランク,プランク,プランク,family
212,マックス・プランク,マックス・プランク,マックス・プランク,full
213,ピエール・キュリー,キュリー,キュリー,family
213,ピエール・キュリー,ピエール・キュリー,ピエール・キュリー,full
214,ポール・ヴィラール,ヴィラール,ヴィラール,family
214,ポール・ヴィラール,ポール・ヴィラール,ポール・ヴィラール,full
215,フィリップ・レーナルト,レーナルト,レーナルト,family
215,フィリップ・レーナルト,フィリップ・レーナルト,フィリップ・レーナルト,full
216,ヴィルヘルム・ヴィーン,ヴィーン,ヴィーン,family
216,ヴィルヘルム・ヴィーン,ヴィルヘルム・ヴィーン,ヴィルヘルム・ヴィーン,full
217,長岡半太郎,長岡,ながおか,family
217,長岡半太郎,長岡半太郎,ながおかはんたろう,full
218,フリードリッヒ・パッシェン,パッシェン,パッシェン,family
218,フリードリッヒ・パッシェン,フリードリッヒ・パッシェン,フリードリッヒ・パッシェン,full
219,ピーター・ゼーマン,ゼーマン,ゼーマン,family
219,ピーター・ゼーマン,ピーター・ゼーマン,ピーター・ゼーマン,full
220,マリ・キュリー,キュリー,キュリー,family
220,マリ・キュリー,マリ・キュリー,マリ・キュリー,full
221,ロバート・ウィリアム・ウッド,ウッド,ウッド,family
221,ロバート・ウィリアム・ウッド,ロバート・ウィリアム・ウッド,ロバート・ウィリアム・ウッド,full
222,ジョン・タウンゼント,タウンゼント,タウンゼント,family
222,ジョン・タウンゼント,ジョン・タウンゼント,ジョン・タウンゼント,full
223,ロバート・ミリカン,ミリカン,ミリカン,family
223,ロバート・ミリカン,ロバート・ミリカン,ロバート・ミリカン,full
224,本多光太郎,本多,ほんだ,family
224,本多光太郎,本多光太郎,ほんだこうたろう,full
225,ジャン・ペラン,ペラン,ペラン,family
225,ジャン・ペラン,ジャン・ペラン,ジャン・ペラン,full
226,アーネスト・ラザフォード,ラザフォード,ラザフォード,family
226,アーネスト・ラザフォード,アーネスト・ラザフォード,アーネスト・ラザフォード,full
227,ポール・ランジュバン,ランジュバン,ランジュバン,family
227,ポール・ランジュバン,ポール・ランジュバン,ポール・ランジュバン,full
228,グリエルモ・マルコーニ,マルコーニ,マルコーニ,family
228,グリエルモ・マルコーニ,グリエルモ・マルコーニ,グリエルモ・マルコーニ,full
229,セオドア・ライマン,ライマン,ライマン,family
229,セオドア・ライマン,セオドア・ライマン,セオドア・ライマン,full
230,ルートヴィヒ・プラントル,プラントル,プラントル,family
230,ルートヴィヒ・プラントル,ルートヴィヒ・プラントル,ルートヴィヒ・プラントル,full
231,チャールズ・バークラ,バークラ,バークラ,family
231,チャールズ・バークラ,チャールズ・バークラ,チャールズ・バークラ,full
232,寺田寅彦,寺田,てらだ,family
232,寺田寅彦,寺田寅彦,てらだとらひこ,full
233,リーゼ・マイトナー,マイトナー,マイトナー,family
233,リーゼ・マイトナー,リーゼ・マイトナー,リーゼ・マイトナー,full
234,オットー・ハーン,ハーン,ハーン,family
234,オットー・ハーン,オットー・ハーン,オットー・ハーン,full
235,アルベルト・アインシュタイン,アインシュタイン,アインシュタイン,family
235,アルベルト・アインシュタイン,アルベルト・アインシュタイン,アルベルト・アインシュタイン,full
236,マックス・フォン・ラウエ,ラウエ,ラウエ,family
236,マックス・フォン・ラウエ,マックス・フォン・ラウエ,マックス・フォン・ラウエ,full
237,ポール・エーレンフェスト,エーレンフェスト,エーレンフェスト,family
237,ポール・エーレンフェスト,ポール・エーレンフェスト,ポール・エーレンフェスト,full
238,アルフレート・ヴェーゲナー,ヴェーゲナー,ヴェーゲナー,family
238,アルフレート・ヴェーゲナー,アルフレート・ヴェーゲナー,アルフレート・ヴェーゲナー,full
239,アーヴィング・ラングミュア,ラングミュア,ラングミュア,family
239,アーヴィング・ラングミュア,アーヴィング・ラングミュア,アーヴィング・ラングミュア,full
240,セオドア・カルマン,カルマン,カルマン,family
240,セオドア・カルマン,セオドア・カルマン,セオドア・カルマン,full
241,グンナー・ノルドシュトルム,ノルドシュトルム,ノルドシュトルム,family
241,グンナー・ノルドシュトルム,グンナー・ノルドシュトルム,グンナー・ノルドシュトルム,full
242,石原純,石原,いしわら,full
242,石原純,石原純,いしわらあつし,full
242,石原純, 石原純, いしわらじゅん,full
243,マックス・ボルン,ボルン,ボルン,family
243,マックス・ボルン,マックス・ボルン,マックス・ボルン,full
244,パーシー・ブリッジマン,ブリッジマン,ブリッジマン,family
244,パーシー・ブリッジマン,パーシー・ブリッジマン,パーシー・ブリッジマン,full
245,ジェイムス・フランク,フランク,フランク,family
245,ジェイムス・フランク,ジェイムス・フランク,ジェイムス・フランク,full
246,ピーター・デバイ,デバイ,デバイ,family
246,ピーター・デバイ,ピーター・デバイ,ピーター・デバイ,full
247,松山基範,松山,まつやま,family
247,松山基範,松山基範,まつやまもとのり,full
248,西川正治,西川,にしかわ,family
248,西川正治,西川正治,にしかわしょうじ,full
249,ニールス・ボーア,ボーア,ボーア,family
249,ニールス・ボーア,ニールス・ボーア,ニールス・ボーア,full
250,マンネ・シーグバーン,シーグバーン,シーグバーン,family
250,マンネ・シーグバーン,マンネ・シーグバーン,マンネ・シーグバーン,full
251,八木秀次,八木,やぎ,family
251,八木秀次,八木秀次,やぎひでつぐ,full
252,グスタフ・ヘルツ,ヘルツ,ヘルツ,family
252,グスタフ・ヘルツ,グスタフ・ヘルツ,グスタフ・ヘルツ,full
253,ヘンリー・モーズリー,モーズリー,モーズリー,family
253,ヘンリー・モーズリー,ヘンリー・モーズリー,ヘンリー・モーズリー,full
254,エルヴィン・シュレーディンガー,シュレーディンガー,シュレーディンガー,family
254,エルヴィン・シュレーディンガー,エルヴィン・シュレーディンガー,エルヴィン・シュレーディンガー,full
255,パウル・ペーター・エバルト,エバルト,エバルト,family
255,パウル・ペーター・エバルト,パウル・ペーター・エバルト,パウル・ペーター・エバルト,full
256,チャンドラセカール・ラマン,ラマン,ラマン,family
256,チャンドラセカール・ラマン,チャンドラセカール・ラマン,チャンドラセカール・ラマン,full
257,アレクサンドル・フリードマン,フリードマン,フリードマン,family
257,アレクサンドル・フリードマン,アレクサンドル・フリードマン,アレクサンドル・フリードマン,full
258,フリッツ・ゼルニケ,ゼルニケ,ゼルニケ,family
258,フリッツ・ゼルニケ,フリッツ・ゼルニケ,フリッツ・ゼルニケ,full
259,ポール・シェラー,シェラー,シェラー,family
259,ポール・シェラー,ポール・シェラー,ポール・シェラー,full
260,仁科芳雄,仁科,にしな,family
260,仁科芳雄,仁科芳雄,にしなよしお,full
261,荒勝文策,荒勝,あらかつ,family
261,荒勝文策,荒勝文策,あらかつぶんさく,full
262,ジェームズ・チャドウィック,チャドウィック,チャドウィック,family
262,ジェームズ・チャドウィック,ジェームズ・チャドウィック,ジェームズ・チャドウィック,full
263,クリントン・デイヴィソン,デイヴィソン,デイヴィソン,family
263,クリントン・デイヴィソン,クリントン・デイヴィソン,クリントン・デイヴィソン,full
264,ルイ・ド・ブロイ,ド・ブロイ,ド・ブロイ,family
264,ルイ・ド・ブロイ,ルイ・ド・ブロイ,ルイ・ド・ブロイ,full
265,ジョージ・パジェット・トムソン,トムソン,トムソン,family
265,ジョージ・パジェット・トムソン,ジョージ・パジェット・トムソン,ジョージ・パジェット・トムソン,full
266,メグナード・サハ,サハ,サハ,family
266,メグナード・サハ,メグナード・サハ,メグナード・サハ,full
267,サティエンドラ・ボース,ボース,ボース,family
267,サティエンドラ・ボース,サティエンドラ・ボース,サティエンドラ・ボース,full
268,オスカル・クライン,クライン,クライン,family
268,オスカル・クライン,オスカル・クライン,オスカル・クライン,full
269,増本量,増本,ますもと,family
269,増本量,増本量,ますもとはかる,full
270,フレデリック・サムナー・ブラケット,ブラケット,ブラケット,family
270,フレデリック・サムナー・ブラケット,フレデリック・サムナー・ブラケット,フレデリック・サムナー・ブラケット,full
271,イレーヌ・ジョリオ＝キュリー, ジョリオ・キュリー, ジョリオ・キュリー,family
271,イレーヌ・ジョリオ＝キュリー,イレーヌ・ジョリオ＝キュリー,イレーヌ・キュリー,full
271,イレーヌ・ジョリオ＝キュリー,キュリー,キュリー,full
271,イレーヌ・ジョリオ＝キュリー,イレーヌ・ジョリオ＝キュリー,イレーヌ・ジョリオ＝キュリー,full
271,イレーヌ・ジョリオ＝キュリー, ジョリオ・キュリー, ジョリオ・キュリー,full
271,イレーヌ・ジョリオ＝キュリー,イレーヌ・キュリー,イレーヌ・キュリー,full
272,マックス・クノール,クノール,クノール,family
272,マックス・クノール,マックス・クノール,マックス・クノール,full
273,ジョン・コッククロフト,コッククロフト,コッククロフト,family
273,ジョン・コッククロフト,ジョン・コッククロフト,ジョン・コッククロフト,full
274,茅誠司,茅,かや,family
274,茅誠司,茅誠司,かやせいじ,full
275,ヴォルフガング・パウリ,パウリ,パウリ,family
275,ヴォルフガング・パウリ,ヴォルフガング・パウリ,ヴォルフガング・パウリ,full
276,フレデリック・ジョリオ＝キュリー,ジョリオ・キュリー,ジョリオ・キュリー,family
276,フレデリック・ジョリオ＝キュリー,フレデリック・ジョリオ＝キュリー,フレデリック・キュリー,full
276,フレデリック・ジョリオ＝キュリー,キュリー,キュリー,full
276,フレデリック・ジョリオ＝キュリー,フレデリック・ジョリオ＝キュリー,フレデリック・ジョリオ＝キュリー,full
276,フレデリック・ジョリオ＝キュリー,ジョリオ・キュリー,ジョリオ・キュリー,full
276,フレデリック・ジョリオ＝キュリー,フレデリック・キュリー,フレデリック・キュリー,full
277,中谷宇吉郎,中谷,なかや,family
277,中谷宇吉郎,中谷宇吉郎,なかやうきちろう,full
278,ジョン・クラーク・スレイター,スレイター,スレイター,family
278,ジョン・クラーク・スレイター,ジョン・クラーク・スレイター,ジョン・クラーク・スレイター,full
279,ジョージ・ウーレンベック,ウーレンベック,ウーレンベック,family
279,ジョージ・ウーレンベック,ジョージ・ウーレンベック,ジョージ・ウーレンベック,full
280,ヴェルナー・ハイゼンベルク,ハイゼンベルク,ハイゼンベルク,family
280,ヴェルナー・ハイゼンベルク,ヴェルナー・ハイゼンベルク,ヴェルナー・ハイゼンベルク,full
281,エンリコ・フェルミ,フェルミ,フェルミ,family
281,エンリコ・フェルミ,エンリコ・フェルミ,エンリコ・フェルミ,full
282,フランコ・ラゼッティ,ラゼッティ,ラゼッティ,family
282,フランコ・ラゼッティ,フランコ・ラゼッティ,フランコ・ラゼッティ,full
283,ポール・ディラック,ディラック,ディラック,family
283,ポール・ディラック,ポール・ディラック,ポール・ディラック,full
284,菊池正士,菊池,きくち,family
284,菊池正士,菊池正士,きくちせいし,full
285,ユージン・ウィグナー,ウィグナー,ウィグナー,family
285,ユージン・ウィグナー,ユージン・ウィグナー,ユージン・ウィグナー,full
286,ウォルター・ブラッテン,ブラッテン,ブラッテン,family
286,ウォルター・ブラッテン,ウォルター・ブラッテン,ウォルター・ブラッテン,full
287,パスクアル・ヨルダン,ヨルダン,ヨルダン,family
287,パスクアル・ヨルダン,パスクアル・ヨルダン,パスクアル・ヨルダン,full
288,アーネスト・ウォルトン,ウォルトン,ウォルトン,family
288,アーネスト・ウォルトン,アーネスト・ウォルトン,アーネスト・ウォルトン,full
289,ラルス・オンサーガー,オンサーガー,オンサーガー,family
289,ラルス・オンサーガー,ラルス・オンサーガー,ラルス・オンサーガー,full
290,ヴァルター・ハイトラー,ハイトラー,ハイトラー,family
290,ヴァルター・ハイトラー,ヴァルター・ハイトラー,ヴァルター・ハイトラー,full
291,ロバート・オッペンハイマー,オッペンハイマー,オッペンハイマー,family
291,ロバート・オッペンハイマー,ロバート・オッペンハイマー,ロバート・オッペンハイマー,full
292,ジョージ・ガモフ,ガモフ,ガモフ,family
292,ジョージ・ガモフ,ジョージ・ガモフ,ジョージ・ガモフ,full
293,パーヴェル・チェレンコフ,チェレンコフ,チェレンコフ,family
293,パーヴェル・チェレンコフ,パーヴェル・チェレンコフ,パーヴェル・チェレンコフ,full
294,カール・デイヴィッド・アンダーソン,アンダーソン,アンダーソン,family
294,カール・デイヴィッド・アンダーソン,カール・デイヴィッド・アンダーソン,カール・デイヴィッド・アンダーソン,full
295,ネヴィル・モット,モット,モット,family
295,ネヴィル・モット,ネヴィル・モット,ネヴィル・モット,full
296,エミリオ・セグレ,セグレ,セグレ,family
296,エミリオ・セグレ,エミリオ・セグレ,エミリオ・セグレ,full
297,小谷正雄,小谷,こたに,family
297,小谷正雄,小谷正雄,こたにまさお,full
298,朝永振一郎,朝永,ともなが,family
298,朝永振一郎,朝永振一郎,ともながしんいちろう,full
299,マリア・ゲッパート＝メイヤー, ゲッパート・メイヤー, ゲッパート・メイヤー,family
299,マリア・ゲッパート＝メイヤー,マリア・ゲッパート＝メイヤー,メイヤー,full
299,マリア・ゲッパート＝メイヤー,マリア・ゲッパート＝メイヤー,マリア・ゲッパート＝メイヤー,full
299,マリア・ゲッパート＝メイヤー, ゲッパート・メイヤー, ゲッパート・メイヤー,full
300,エルンスト・ルスカ,ルスカ,ルスカ,family
300,エルンスト・ルスカ,エルンスト・ルスカ,エルンスト・ルスカ,full
301,湯川秀樹,湯川,ゆかわ,family
301,湯川秀樹,湯川秀樹,ゆかわひでき,full
302,ルドルフ・パイエルス,パイエルス,パイエルス,family
302,ルドルフ・パイエルス,ルドルフ・パイエルス,ルドルフ・パイエルス,full
303,レフ・ランダウ,ランダウ,ランダウ,family
303,レフ・ランダウ,レフ・ランダウ,レフ・ランダウ,full
304,ハンネス・アルベーン,アルベーン,アルベーン,family
304,ハンネス・アルベーン,ハンネス・アルベーン,ハンネス・アルベーン,full
305,エドワード・テラー,テラー,テラー,family
305,エドワード・テラー,エドワード・テラー,エドワード・テラー,full
306,イリヤ・フランク,フランク,フランク,family
306,イリヤ・フランク,イリヤ・フランク,イリヤ・フランク,full
307,ジョン・バーディーン,バーディーン,バーディーン,family
307,ジョン・バーディーン,ジョン・バーディーン,ジョン・バーディーン,full
308,伏見康治,伏見,ふしみ,family
308,伏見康治,伏見康治,ふしみこうじ,full
309,マルグリット・ペレー,ペレー,ペレー,family
309,マルグリット・ペレー,マルグリット・ペレー,マルグリット・ペレー,full
310,ホーミ・ジェイ・バーバー, ホーミ・バーバー, ホーミ・バーバー,family
310,ホーミ・ジェイ・バーバー,ホーミ・ジェイ・バーバー,バーバー,full
310,ホーミ・ジェイ・バーバー,ホーミ・ジェイ・バーバー,ホーミ・ジェイ・バーバー,full
310,ホーミ・ジェイ・バーバー, ホーミ・バーバー, ホーミ・バーバー,full
311,永宮健夫,永宮,ながみや,family
311,永宮健夫,永宮健夫,ながみやたけお,full
312,ウィリアム・ショックレー,ショックレー,ショックレー,family
312,ウィリアム・ショックレー,ウィリアム・ショックレー,ウィリアム・ショックレー,full
313,スブラマニアン・チャンドラセカール,チャンドラセカール,チャンドラセカール,family
313,スブラマニアン・チャンドラセカール,スブラマニアン・チャンドラセカール,スブラマニアン・チャンドラセカール,full
314,坂田昌一,坂田,さかた,family
314,坂田昌一,坂田昌一,さかたしょういち,full
315,ニコラス・ケンマー,ケンマー,ケンマー,family
315,ニコラス・ケンマー,ニコラス・ケンマー,ニコラス・ケンマー,full
316,エドワード・ミルズ・パーセル,パーセル,パーセル,family
316,エドワード・ミルズ・パーセル,エドワード・ミルズ・パーセル,エドワード・ミルズ・パーセル,full
317,フィリップ・アベルソン,アベルソン,アベルソン,family
317,フィリップ・アベルソン,フィリップ・アベルソン,フィリップ・アベルソン,full
318,今井功,今井,いまい,family
318,今井功,今井功,いまいいさお,full
319,フレッド・ホイル,ホイル,ホイル,family
319,フレッド・ホイル,フレッド・ホイル,フレッド・ホイル,full
320,エフゲニー・リフシッツ,リフシッツ,リフシッツ,family
320,エフゲニー・リフシッツ,エフゲニー・リフシッツ,エフゲニー・リフシッツ,full
321,オレステ・ピッキオーニ,ピッキオーニ,ピッキオーニ,family
321,オレステ・ピッキオーニ,オレステ・ピッキオーニ,オレステ・ピッキオーニ,full
322,ヴィタリー・ギンツブルク,ギンツブルク,ギンツブルク,family
322,ヴィタリー・ギンツブルク,ヴィタリー・ギンツブルク,ヴィタリー・ギンツブルク,full
323,アレクサンドル・プロホロフ,プロホロフ,プロホロフ,family
323,アレクサンドル・プロホロフ,アレクサンドル・プロホロフ,アレクサンドル・プロホロフ,full
324,内山龍雄,内山,うちやま,family
324,内山龍雄,内山龍雄,うちやまりょうゆう,full
325,イリヤ・プリゴジン,プリゴジン,プリゴジン,family
325,イリヤ・プリゴジン,イリヤ・プリゴジン,イリヤ・プリゴジン,full
326,ジュール・グレゴリー・チャーニー,チャーニー,チャーニー,family
326,ジュール・グレゴリー・チャーニー,ジュール・グレゴリー・チャーニー,ジュール・グレゴリー・チャーニー,full
327,リチャード・ピー・ファインマン, リチャード・ファインマン, リチャード・ファインマン,family
327,リチャード・ピー・ファインマン,リチャード・ピー・ファインマン,ファインマン,full
327,リチャード・ピー・ファインマン,リチャード・ピー・ファインマン,リチャード・ピー・ファインマン,full
327,リチャード・ピー・ファインマン, リチャード・ファインマン, リチャード・ファインマン,full
328,ジュリアン・シュウィンガー,シュウィンガー,シュウィンガー,family
328,ジュリアン・シュウィンガー,ジュリアン・シュウィンガー,ジュリアン・シュウィンガー,full
329,久保亮五,久保,くぼ,family
329,久保亮五,久保亮五,くぼりょうご,full
330,林忠四郎,林,はやし,family
330,林忠四郎,林忠四郎,はやしちゅうしろう,full
331,南部陽一郎,南部,なんぶ,family
331,南部陽一郎,南部陽一郎,なんぶよういちろう,full
332,アンドレイ・サハロフ,サハロフ,サハロフ,family
332,アンドレイ・サハロフ,アンドレイ・サハロフ,アンドレイ・サハロフ,full
333,楊振寧,楊,よう,family
333,楊振寧,楊振寧,ようしんねい,full
334,北垣敏夫,北垣,きたがき,family
334,北垣敏夫,北垣敏夫,きたがきとしお,full
335,小田稔,おだ,おだ,family
335,小田稔,小田稔,おだみのる,full
336,フィリップ・アンダーソン,アンダーソン,アンダーソン,family
336,フィリップ・アンダーソン,フィリップ・アンダーソン,フィリップ・アンダーソン,full
337,江崎玲於奈,江崎,えさき,family
337,江崎玲於奈,江崎玲於奈,えさきれおな,full
338,ロイ・グラウバー,グラウバー,グラウバー,family
338,ロイ・グラウバー,ロイ・グラウバー,ロイ・グラウバー,full
339,アブドゥッサラーム,アブドゥッサラーム,アブドゥッサラーム,family
339,アブドゥッサラーム,アブドゥッサラーム,アブドゥッサラーム,full
340,ベン・ロイ・モッテルソン,モッテルソン,モッテルソン,family
340,ベン・ロイ・モッテルソン,ベン・ロイ・モッテルソン,ベン・ロイ・モッテルソン,full
341,西澤潤一,西澤,にしざわ,family
341,西澤潤一,西澤潤一,にしざわじゅんいち,full
342,小柴昌俊,小柴,こしば,family
342,小柴昌俊,小柴昌俊,こしばまさとし,full
343,西島和彦,西島,にしじま,family
343,西島和彦,西島和彦,にしじまかずひこ,full
344,李政道,李,り,family
344,李政道,李政道,りせいどう,full
345,アレクセイ・アブリコソフ,アブリコソフ,アブリコソフ,family
345,アレクセイ・アブリコソフ,アレクセイ・アブリコソフ,アレクセイ・アブリコソフ,full
346,マレー・ゲルマン,ゲルマン,ゲルマン,family
346,マレー・ゲルマン,マレー・ゲルマン,マレー・ゲルマン,full
347,リチャード・イー・テイラー, リチャード・テイラー, リチャード・テイラー,family
347,リチャード・イー・テイラー,リチャード・イー・テイラー,テイラー,full
347,リチャード・イー・テイラー,リチャード・イー・テイラー,リチャード・イー・テイラー,full
347,リチャード・イー・テイラー, リチャード・テイラー, リチャード・テイラー,full
348,レオン・クーパー,クーパー,クーパー,family
348,レオン・クーパー,レオン・クーパー,レオン・クーパー,full
349,マルティヌス・フェルトマン,フェルトマン,フェルトマン,family
349,マルティヌス・フェルトマン,マルティヌス・フェルトマン,マルティヌス・フェルトマン,full
350,リカルド・ジャコーニ,ジャコーニ,ジャコーニ,family
350,リカルド・ジャコーニ,リカルド・ジャコーニ,リカルド・ジャコーニ,full
351,クロード・コーエン＝タヌージ,タヌージ,タヌージ,family
351,クロード・コーエン＝タヌージ,クロード・コーエン＝タヌージ,クロード・コーエン・タヌージ,full
352,スティーヴン・ワインバーグ,ワインバーグ,ワインバーグ,family
352,スティーヴン・ワインバーグ,スティーヴン・ワインバーグ,スティーヴン・ワインバーグ,full
353,カルロ・ルビア,ルビア,ルビア,family
353,カルロ・ルビア,カルロ・ルビア,カルロ・ルビア,full
354,ジョン・ホール,ホール,ホール,family
354,ジョン・ホール,ジョン・ホール,ジョン・ホール,full
355,近藤淳,近藤,こんどう,family
355,近藤淳,近藤淳,こんどうじゅん,full
356,ブライアン・ジョゼフソン,ジョゼフソン,ジョゼフソン,family
356,ブライアン・ジョゼフソン,ブライアン・ジョゼフソン,ブライアン・ジョゼフソン,full
357,益川敏英,益川,ますかわ,family
357,益川敏英,益川敏英,ますかわとしひで,full
358,テオドール・ヘンシュ,ヘンシュ,ヘンシュ,family
358,テオドール・ヘンシュ,テオドール・ヘンシュ,テオドール・ヘンシュ,full
359,スティーヴン・ホーキング,ホーキング,ホーキング,family
359,スティーヴン・ホーキング,スティーヴン・ホーキング,スティーヴン・ホーキング,full
360,小林誠,小林,こばやし,family
360,小林誠,小林誠,こばやしまこと,full
361,ヘーラルト・トホーフト,トホーフト,トホーフト,family
361,ヘーラルト・トホーフト,ヘーラルト・トホーフト,ヘーラルト・トホーフト,full
362,ロバート・ビー・ラフリン,ロバート・ラフリン,ロバート・ラフリン,family
362,ロバート・ビー・ラフリン,ロバート・ビー・ラフリン,ラフリン,full
362,ロバート・ビー・ラフリン,ロバート・ビー・ラフリン,ロバート・ビー・ラフリン,full
362,ロバート・ビー・ラフリン,ロバート・ラフリン,ロバート・ラフリン,full
363,フランク・ウィルチェック,ウィルチェック,ウィルチェック,family
363,フランク・ウィルチェック,フランク・ウィルチェック,フランク・ウィルチェック,full
364,ソール・パールマッター,パールマッター,パールマッター,family
364,ソール・パールマッター,ソール・パールマッター,ソール・パールマッター,full
365,アナトール・アブラガム,アブラガム,アブラガム,family
365,アナトール・アブラガム,アナトール・アブラガム,アナトール・アブラガム,full
366,ジョセフ・ヘンリー,ヘンリー,ヘンリー,family
366,ジョセフ・ヘンリー,ジョセフ・ヘンリー,ジョセフ・ヘンリー,full
367,ゴットフリート・ヴィルヘルム・ライプニッツ,ライプニッツ,ライプニッツ,family
367,ゴットフリート・ヴィルヘルム・ライプニッツ,ゴットフリート・ヴィルヘルム・ライプニッツ,ゴットフリート・ヴィルヘルム・ライプニッツ,full
368,アイザック・バロー,バロー,バロー,family
368,アイザック・バロー,アイザック・バロー,アイザック・バロー,full
369,アイラ・ボーエン,ボーエン,ボーエン,family
369,アイラ・ボーエン,アイラ・ボーエン,アイラ・ボーエン,full
370,アウグスト・クント,クント,クント,family
370,アウグスト・クント,アウグスト・クント,アウグスト・クント,full
371,アウグスト・ベーア,ベーア,ベーア,family
371,アウグスト・ベーア,アウグスト・ベーア,アウグスト・ベーア,full
372,アグネス・ポッケルス,ポッケルス,ポッケルス,family
372,アグネス・ポッケルス,アグネス・ポッケルス,アグネス・ポッケルス,full
373,アシュトン・カーター,カーター,カーター,family
373,アシュトン・カーター,アシュトン・カーター,アシュトン・カーター,full
374,アスル・エルドアン,エルドアン,エルドアン,family
374,アスル・エルドアン,アスル・エルドアン,アスル・エルドアン,full
375,アタナシウス・キルヒャー,キルヒャー,キルヒャー,family
375,アタナシウス・キルヒャー,アタナシウス・キルヒャー,アタナシウス・キルヒャー,full
376,アドリアン・オーズー,オーズー,オーズー,family
376,アドリアン・オーズー,アドリアン・オーズー,アドリアン・オーズー,full
377,アドルフ・ケトレー,ケトレー,ケトレー,family
377,アドルフ・ケトレー,アドルフ・ケトレー,アドルフ・ケトレー,full
378,アナクサゴラス,アナクサゴラス,アナクサゴラス,full
379,アナクシマンドロス,アナクシマンドロス,アナクシマンドロス,full
380,アナトリー・フォメンコ,フォメンコ,フォメンコ,family
380,アナトリー・フォメンコ,アナトリー・フォメンコ,アナトリー・フォメンコ,full
381,アナトーリ・ブゴルスキー,ブゴルスキー,ブゴルスキー,family
381,アナトーリ・ブゴルスキー,アナトーリ・ブゴルスキー,アナトーリ・ブゴルスキー,full
382,アニー・ジャンプ・キャノン,キャノン,キャノン,family
382,アニー・ジャンプ・キャノン,アニー・ジャンプ・キャノン,アニー・ジャンプ・キャノン,full
383,アハメッド・ズウェイル,ズウェイル,ズウェイル,family
383,アハメッド・ズウェイル,アハメッド・ズウェイル,アハメッド・ズウェイル,full
384,アブダス・サラム,サラム,サラム,family
384,アブダス・サラム,アブダス・サラム,アブダス・サラム,full
385,アブドゥッラフマーン・ハーズィニー,ハーズィニー,ハーズィニー,family
385,アブドゥッラフマーン・ハーズィニー,アブドゥッラフマーン・ハーズィニー,アブドゥッラフマーン・ハーズィニー,full
386,アブドゥル・カディール・カーン,カーン,カーン,family
386,アブドゥル・カディール・カーン,アブドゥル・カディール・カーン,アブドゥル・カディール・カーン,full
387,アブラアム＝ルイ・ブレゲ,ブレゲ,ブレゲ,family
387,アブラアム＝ルイ・ブレゲ,アブラアム＝ルイ・ブレゲ,アブラアム・ルイ・ブレゲ,full
388,アブラハム・ゴットヘルフ・ケストナー,ケストナー,ケストナー,family
388,アブラハム・ゴットヘルフ・ケストナー,アブラハム・ゴットヘルフ・ケストナー,アブラハム・ゴットヘルフ・ケストナー,full
389,アブラム・ヨッフェ,ヨッフェ,ヨッフェ,family
389,アブラム・ヨッフェ,アブラム・ヨッフェ,アブラム・ヨッフェ,full
390,アブー・サフル・アル＝クーヒー,クーヒー,クーヒー,family
390,アブー・サフル・アル＝クーヒー,アブー・サフル・アル＝クーヒー,アブー・サフル・アル・クーヒー,full
391,アメデオ・アヴォガドロ,アヴォガドロ,アヴォガドロ,family
391,アメデオ・アヴォガドロ,アメデオ・アヴォガドロ,アメデオ・アヴォガドロ,full
392,アラン・アスペ,アスペ,アスペ,family
392,アラン・アスペ,アラン・アスペ,アラン・アスペ,full
393,アラン・グース,グース,グース,family
393,アラン・グース,アラン・グース,アラン・グース,full
394,アラン・コーマック,コーマック,コーマック,family
394,アラン・コーマック,アラン・コーマック,アラン・コーマック,full
395,アラン・ソーカル,ソーカル,ソーカル,family
395,アラン・ソーカル,アラン・ソーカル,アラン・ソーカル,full
396,アラン・ヒーガー,ヒーガー,ヒーガー,family
396,アラン・ヒーガー,アラン・ヒーガー,アラン・ヒーガー,full
397,アリー・アクバル・サーレヒー,サーレヒー,サーレヒー,family
397,アリー・アクバル・サーレヒー,アリー・アクバル・サーレヒー,アリー・アクバル・サーレヒー,full
398,アルキタス,アルキタス,アルキタス,full
399,アルノルト・ゾンマーフェルト,ゾンマーフェルト,ゾンマーフェルト,family
399,アルノルト・ゾンマーフェルト,アルノルト・ゾンマーフェルト,アルノルト・ゾンマーフェルト,full
400,アルバート・ギオルソ,ギオルソ,ギオルソ,family
400,アルバート・ギオルソ,アルバート・ギオルソ,アルバート・ギオルソ,full
401,アルパド・イロ,イロ,イロ,family
401,アルパド・イロ,アルパド・イロ,アルパド・イロ,full
402,アルビン・ワインバーグ,ワインバーグ,ワインバーグ,family
402,アルビン・ワインバーグ,アルビン・ワインバーグ,アルビン・ワインバーグ,full
403,アルフレッド・ノース・ホワイトヘッド,ホワイトヘッド,ホワイトヘッド,family
403,アルフレッド・ノース・ホワイトヘッド,アルフレッド・ノース・ホワイトヘッド,アルフレッド・ノース・ホワイトヘッド,full
404,アルフレッド・ファウラー,ファウラー,ファウラー,family
404,アルフレッド・ファウラー,アルフレッド・ファウラー,アルフレッド・ファウラー,full
405,アルフレッド・ペロー,ペロー,ペロー,family
405,アルフレッド・ペロー,アルフレッド・ペロー,アルフレッド・ペロー,full
406,アルフレッド・ラヴェル,ラヴェル,ラヴェル,family
406,アルフレッド・ラヴェル,アルフレッド・ラヴェル,アルフレッド・ラヴェル,full
407,アルフレッド・ロトカ,ロトカ,ロトカ,family
407,アルフレッド・ロトカ,アルフレッド・ロトカ,アルフレッド・ロトカ,full
408,アルフレート・クレブシュ,クレブシュ,クレブシュ,family
408,アルフレート・クレブシュ,アルフレート・クレブシュ,アルフレート・クレブシュ,full
409,アルベルト・マルト,マルト,マルト,family
409,アルベルト・マルト,アルベルト・マルト,アルベルト・マルト,full
410,アルメン・サルキシャン,サルキシャン,サルキシャン,family
410,アルメン・サルキシャン,アルメン・サルキシャン,アルメン・サルキシャン,full
411,アレクサンダー・グラハム・ベル,ベル,ベル,family
411,アレクサンダー・グラハム・ベル,アレクサンダー・グラハム・ベル,アレクサンダー・グラハム・ベル,full
412,アレクサンダー・トッド,トッド,トッド,family
412,アレクサンダー・トッド,アレクサンダー・トッド,アレクサンダー・トッド,full
413,アレクサンダー・リピッシュ,リピッシュ,リピッシュ,family
413,アレクサンダー・リピッシュ,アレクサンダー・リピッシュ,アレクサンダー・リピッシュ,full
414,アレクサンドル・エドモン・ベクレル,ベクレル,ベクレル,family
414,アレクサンドル・エドモン・ベクレル,アレクサンドル・エドモン・ベクレル,アレクサンドル・エドモン・ベクレル,full
415,アレクサンドル・ストレトフ,ストレトフ,ストレトフ,family
415,アレクサンドル・ストレトフ,アレクサンドル・ストレトフ,アレクサンドル・ストレトフ,full
416,アレクサンドル・ポポフ,ポポフ,ポポフ,family
416,アレクサンドル・ポポフ,アレクサンドル・ポポフ,アレクサンドル・ポポフ,full
417,アレクサンドル・ポリャコフ,ポリャコフ,ポリャコフ,family
417,アレクサンドル・ポリャコフ,アレクサンドル・ポリャコフ,アレクサンドル・ポリャコフ,full
418,アレクサンドル・リャプノフ,リャプノフ,リャプノフ,family
418,アレクサンドル・リャプノフ,アレクサンドル・リャプノフ,アレクサンドル・リャプノフ,full
419,アレクシス・クレロー,クレロー,クレロー,family
419,アレクシス・クレロー,アレクシス・クレロー,アレクシス・クレロー,full
420,アレクセイ・エキモフ,エキモフ,エキモフ,family
420,アレクセイ・エキモフ,アレクセイ・エキモフ,アレクセイ・エキモフ,full
421,アレン・ニューウェル,ニューウェル,ニューウェル,family
421,アレン・ニューウェル,アレン・ニューウェル,アレン・ニューウェル,full
422,アロイシウス・リリウス,リリウス,リリウス,family
422,アロイシウス・リリウス,アロイシウス・リリウス,アロイシウス・リリウス,full
423,アンゲラ・メルケル,メルケル,メルケル,family
423,アンゲラ・メルケル,アンゲラ・メルケル,アンゲラ・メルケル,full
424,アンジェロ・セッキ,セッキ,セッキ,family
424,アンジェロ・セッキ,アンジェロ・セッキ,アンジェロ・セッキ,full
425,アンセルム・ペイアン,ペイアン,ペイアン,family
425,アンセルム・ペイアン,アンセルム・ペイアン,アンセルム・ペイアン,full
426,アンダース・レクセル,レクセル,レクセル,family
426,アンダース・レクセル,アンダース・レクセル,アンダース・レクセル,full
427,アンデルス・セルシウス,セルシウス,セルシウス,family
427,アンデルス・セルシウス,アンデルス・セルシウス,アンデルス・セルシウス,full
428,アントニオ・デ・ウジョーア,ウジョーア,ウジョーア,family
428,アントニオ・デ・ウジョーア,アントニオ・デ・ウジョーア,アントニオ・デ・ウジョーア,full
429,アントニオ・メウッチ,メウッチ,メウッチ,family
429,アントニオ・メウッチ,アントニオ・メウッチ,アントニオ・メウッチ,full
430,アントニ・ファン・レーウェンフック,レーウェンフック,レーウェンフック,family
430,アントニ・ファン・レーウェンフック,アントニ・ファン・レーウェンフック,アントニ・ファン・レーウェンフック,full
431,アントワーヌ・ダバディー・ダラー,ダラー,ダラー,family
431,アントワーヌ・ダバディー・ダラー,アントワーヌ・ダバディー・ダラー,アントワーヌ・ダバディー・ダラー,full
432,アントワーヌ・ラヴォアジエ,ラヴォアジエ,ラヴォアジエ,family
432,アントワーヌ・ラヴォアジエ,アントワーヌ・ラヴォアジエ,アントワーヌ・ラヴォアジエ,full
433,アントン・ツァイリンガー,ツァイリンガー,ツァイリンガー,family
433,アントン・ツァイリンガー,アントン・ツァイリンガー,アントン・ツァイリンガー,full
434,アンドリュス・クビリュス,クビリュス,クビリュス,family
434,アンドリュス・クビリュス,アンドリュス・クビリュス,アンドリュス・クビリュス,full
435,アンドリュー・タネンバウム,タネンバウム,タネンバウム,family
435,アンドリュー・タネンバウム,アンドリュー・タネンバウム,アンドリュー・タネンバウム,full
436,アンドリュー・ファイアー,ファイアー,ファイアー,family
436,アンドリュー・ファイアー,アンドリュー・ファイアー,アンドリュー・ファイアー,full
437,アンドリュー・フィールディング・ハクスリー,ハクスリー,ハクスリー,family
437,アンドリュー・フィールディング・ハクスリー,アンドリュー・フィールディング・ハクスリー,アンドリュー・フィールディング・ハクスリー,full
438,アンドレイ・コルモゴロフ,コルモゴロフ,コルモゴロフ,family
438,アンドレイ・コルモゴロフ,アンドレイ・コルモゴロフ,アンドレイ・コルモゴロフ,full
439,アンドレイ・リンデ,リンデ,リンデ,family
439,アンドレイ・リンデ,アンドレイ・リンデ,アンドレイ・リンデ,full
440,アンドレ・ダンジョン,ダンジョン,ダンジョン,family
440,アンドレ・ダンジョン,アンドレ・ダンジョン,アンドレ・ダンジョン,full
441,アンドレ＝ジャック・ガルヌラン,ガルヌラン,ガルヌラン,family
441,アンドレ＝ジャック・ガルヌラン,アンドレ＝ジャック・ガルヌラン,アンドレ・ジャック・ガルヌラン,full
442,アンドレ＝ルイ・ドビエルヌ,ドビエルヌ,ドビエルヌ,family
442,アンドレ＝ルイ・ドビエルヌ,アンドレ＝ルイ・ドビエルヌ,アンドレ・ルイ・ドビエルヌ,full
443,アンヌ・リュイリエ,リュイリエ,リュイリエ,family
443,アンヌ・リュイリエ,アンヌ・リュイリエ,アンヌ・リュイリエ,full
444,アンリ・コアンダ,コアンダ,コアンダ,family
444,アンリ・コアンダ,アンリ・コアンダ,アンリ・コアンダ,full
445,アンリ・デランドル,デランドル,デランドル,family
445,アンリ・デランドル,アンリ・デランドル,アンリ・デランドル,full
446,アンリ・トレスカ,トレスカ,トレスカ,family
446,アンリ・トレスカ,アンリ・トレスカ,アンリ・トレスカ,full
447,アンリ・ピトー,ピトー,ピトー,family
447,アンリ・ピトー,アンリ・ピトー,アンリ・ピトー,full
448,アンリ・ポアンカレ,ポアンカレ,ポアンカレ,family
448,アンリ・ポアンカレ,アンリ・ポアンカレ,アンリ・ポアンカレ,full
449,アンリ・ヴィクトル・ルニョー,ルニョー,ルニョー,family
449,アンリ・ヴィクトル・ルニョー,アンリ・ヴィクトル・ルニョー,アンリ・ヴィクトル・ルニョー,full
450,アンリ＝ルイ・デュアメル・デュ・モンソー,モンソー,モンソー,family
450,アンリ＝ルイ・デュアメル・デュ・モンソー,アンリ＝ルイ・デュアメル・デュ・モンソー,アンリ・ルイ・デュアメル・デュ・モンソー,full
451,アン・ワング,ワング,ワング,family
451,アン・ワング,アン・ワング,アン・ワング,full
452,アーサー・エディントン,エディントン,エディントン,family
452,アーサー・エディントン,アーサー・エディントン,アーサー・エディントン,full
453,アーサー・エドウィン・ケネリー,ケネリー,ケネリー,family
453,アーサー・エドウィン・ケネリー,アーサー・エドウィン・ケネリー,アーサー・エドウィン・ケネリー,full
454,アーサー・シュスター,シュスター,シュスター,family
454,アーサー・シュスター,アーサー・シュスター,アーサー・シュスター,full
455,アーサー・ジェフリー・デンプスター,デンプスター,デンプスター,family
455,アーサー・ジェフリー・デンプスター,アーサー・ジェフリー・デンプスター,アーサー・ジェフリー・デンプスター,full
456,アーシュラ・フランクリン,フランクリン,フランクリン,family
456,アーシュラ・フランクリン,アーシュラ・フランクリン,アーシュラ・フランクリン,full
457,アーネスト・マースデン,マースデン,マースデン,family
457,アーネスト・マースデン,アーネスト・マースデン,アーネスト・マースデン,full
458,アーネスト・ローレンス,ローレンス,ローレンス,family
458,アーネスト・ローレンス,アーネスト・ローレンス,アーネスト・ローレンス,full
459,イェドリク・アーニョシュ,アーニョシュ,アーニョシュ,family
459,イェドリク・アーニョシュ,イェドリク・アーニョシュ,イェドリク・アーニョシュ,full
460,イグナシオ・シラク,シラク,シラク,family
460,イグナシオ・シラク,イグナシオ・シラク,イグナシオ・シラク,full
461,イジドール・イザーク・ラービ,ラービ,ラービ,family
461,イジドール・イザーク・ラービ,イジドール・イザーク・ラービ,イジドール・イザーク・ラービ,full
462,イブン・スィーナー,スィーナー,スィーナー,family
462,イブン・スィーナー,イブン・スィーナー,イブン・スィーナー,full
463,イブン・ハイサム,ハイサム,ハイサム,family
463,イブン・ハイサム,イブン・ハイサム,イブン・ハイサム,full
464,イブン・バーッジャ,バーッジャ,バーッジャ,family
464,イブン・バーッジャ,イブン・バーッジャ,イブン・バーッジャ,full
465,イマヌエル・カント,カント,カント,family
465,イマヌエル・カント,イマヌエル・カント,イマヌエル・カント,full
466,イングリッド・ドブシー,ドブシー,ドブシー,family
466,イングリッド・ドブシー,イングリッド・ドブシー,イングリッド・ドブシー,full
467,イヴァルス・ゴドマニス,ゴドマニス,ゴドマニス,family
467,イヴァルス・ゴドマニス,イヴァルス・ゴドマニス,イヴァルス・ゴドマニス,full
468,イヴリン・ベレジン,ベレジン,ベレジン,family
468,イヴリン・ベレジン,イヴリン・ベレジン,イヴリン・ベレジン,full
469,イーゴリ・クルチャトフ,クルチャトフ,クルチャトフ,family
469,イーゴリ・クルチャトフ,イーゴリ・クルチャトフ,イーゴリ・クルチャトフ,full
470,イーゴリ・タム,タム,タム,family
470,イーゴリ・タム,イーゴリ・タム,イーゴリ・タム,full
471,イーダ・ノダック,ノダック,ノダック,family
471,イーダ・ノダック,イーダ・ノダック,イーダ・ノダック,full
472,ウィテロ,ウィテロ,ウィテロ,full
473,ウィリアム・アストベリー,アストベリー,アストベリー,family
473,ウィリアム・アストベリー,ウィリアム・アストベリー,ウィリアム・アストベリー,full
474,ウィリアム・アブニー,アブニー,アブニー,family
474,ウィリアム・アブニー,ウィリアム・アブニー,ウィリアム・アブニー,full
475,ウィリアム・ウィザリング,ウィザリング,ウィザリング,family
475,ウィリアム・ウィザリング,ウィリアム・ウィザリング,ウィリアム・ウィザリング,full
476,ウィリアム・エドワード・エアトン,エアトン,エアトン,family
476,ウィリアム・エドワード・エアトン,ウィリアム・エドワード・エアトン,ウィリアム・エドワード・エアトン,full
477,ウィリアム・ギルバート,ギルバート,ギルバート,family
477,ウィリアム・ギルバート,ウィリアム・ギルバート,ウィリアム・ギルバート,full
478,ウィリアム・スタージャン,スタージャン,スタージャン,family
478,ウィリアム・スタージャン,ウィリアム・スタージャン,ウィリアム・スタージャン,full
479,ウィリアム・ニコルソン,ニコルソン,ニコルソン,family
479,ウィリアム・ニコルソン,ウィリアム・ニコルソン,ウィリアム・ニコルソン,full
480,ウィリアム・ハギンズ,ハギンズ,ハギンズ,family
480,ウィリアム・ハギンズ,ウィリアム・ハギンズ,ウィリアム・ハギンズ,full
481,ウィリアム・ハーシェル,ハーシェル,ハーシェル,family
481,ウィリアム・ハーシェル,ウィリアム・ハーシェル,ウィリアム・ハーシェル,full
482,ウィリアム・バックランド,バックランド,バックランド,family
482,ウィリアム・バックランド,ウィリアム・バックランド,ウィリアム・バックランド,full
483,ウィリアム・ヒギンボーサム,ヒギンボーサム,ヒギンボーサム,family
483,ウィリアム・ヒギンボーサム,ウィリアム・ヒギンボーサム,ウィリアム・ヒギンボーサム,full
484,ウィリアム・ヒューウェル,ヒューウェル,ヒューウェル,family
484,ウィリアム・ヒューウェル,ウィリアム・ヒューウェル,ウィリアム・ヒューウェル,full
485,ウィリアム・ペニー,ペニー,ペニー,family
485,ウィリアム・ペニー,ウィリアム・ペニー,ウィリアム・ペニー,full
486,ウィリアム・ホイストン,ホイストン,ホイストン,family
486,ウィリアム・ホイストン,ウィリアム・ホイストン,ウィリアム・ホイストン,full
487,ウィリアム・モーナー,モーナー,モーナー,family
487,ウィリアム・モーナー,ウィリアム・モーナー,ウィリアム・モーナー,full
488,ウィリアム・ラッセル,ラッセル,ラッセル,family
488,ウィリアム・ラッセル,ウィリアム・ラッセル,ウィリアム・ラッセル,full
489,ウィリアム・ランキン,ランキン,ランキン,family
489,ウィリアム・ランキン,ウィリアム・ランキン,ウィリアム・ランキン,full
490,ウィリアム・ルーサー・ピアース,ピアース,ピアース,family
490,ウィリアム・ルーサー・ピアース,ウィリアム・ルーサー・ピアース,ウィリアム・ルーサー・ピアース,full
491,ウィリアム・ロバート・グローブ,グローブ,グローブ,family
491,ウィリアム・ロバート・グローブ,ウィリアム・ロバート・グローブ,ウィリアム・ロバート・グローブ,full
492,ウィリアム・ワトソン,ワトソン,ワトソン,family
492,ウィリアム・ワトソン,ウィリアム・ワトソン,ウィリアム・ワトソン,full
493,ウィリー・レイ,レイ,レイ,family
493,ウィリー・レイ,ウィリー・レイ,ウィリー・レイ,full
494,ウィルヘルム・ヒージンガー,ヒージンガー,ヒージンガー,family
494,ウィルヘルム・ヒージンガー,ウィルヘルム・ヒージンガー,ウィルヘルム・ヒージンガー,full
495,ウィレム・ド・ジッター,ジッター,ジッター,family
495,ウィレム・ド・ジッター,ウィレム・ド・ジッター,ウィレム・ド・ジッター,full
496,ウィレム・ヘンドリック・ケーソン,ケーソン,ケーソン,family
496,ウィレム・ヘンドリック・ケーソン,ウィレム・ヘンドリック・ケーソン,ウィレム・ヘンドリック・ケーソン,full
497,ウイリアム・ウォラストン,ウォラストン,ウォラストン,family
497,ウイリアム・ウォラストン,ウイリアム・ウォラストン,ウイリアム・ウォラストン,full
498,ウェンディ・フリードマン,フリードマン,フリードマン,family
498,ウェンディ・フリードマン,ウェンディ・フリードマン,ウェンディ・フリードマン,full
499,ウォルター・アルバレス,アルバレス,アルバレス,family
499,ウォルター・アルバレス,ウォルター・アルバレス,ウォルター・アルバレス,full
500,ウォルター・カニンガム,カニンガム,カニンガム,family
500,ウォルター・カニンガム,ウォルター・カニンガム,ウォルター・カニンガム,full
501,ウォルター・ギルバート,ギルバート,ギルバート,family
501,ウォルター・ギルバート,ウォルター・ギルバート,ウォルター・ギルバート,full
502,ウォルター・コーン,コーン,コーン,family
502,ウォルター・コーン,ウォルター・コーン,ウォルター・コーン,full
503,ウォルター・ムンク,ムンク,ムンク,family
503,ウォルター・ムンク,ウォルター・ムンク,ウォルター・ムンク,full
504,ウォーレス・クレメント・セイビン,セイビン,セイビン,family
504,ウォーレス・クレメント・セイビン,ウォーレス・クレメント・セイビン,ウォーレス・クレメント・セイビン,full
505,ウマル・ハイヤーム,ハイヤーム,ハイヤーム,family
505,ウマル・ハイヤーム,ウマル・ハイヤーム,ウマル・ハイヤーム,full
506,ウラジミール・ツヴォルキン,ツヴォルキン,ツヴォルキン,family
506,ウラジミール・ツヴォルキン,ウラジミール・ツヴォルキン,ウラジミール・ツヴォルキン,full
507,ウラジーミル・アーノルド,アーノルド,アーノルド,family
507,ウラジーミル・アーノルド,ウラジーミル・アーノルド,ウラジーミル・アーノルド,full
508,ウラジーミル・シューホフ,シューホフ,シューホフ,family
508,ウラジーミル・シューホフ,ウラジーミル・シューホフ,ウラジーミル・シューホフ,full
509,ウラジーミル・ステクロフ,ステクロフ,ステクロフ,family
509,ウラジーミル・ステクロフ,ウラジーミル・ステクロフ,ウラジーミル・ステクロフ,full
510,ウラジーミル・チェロメイ,チェロメイ,チェロメイ,family
510,ウラジーミル・チェロメイ,ウラジーミル・チェロメイ,ウラジーミル・チェロメイ,full
511,ウラジーミル・フォック,フォック,フォック,family
511,ウラジーミル・フォック,ウラジーミル・フォック,ウラジーミル・フォック,full
512,ウルフ・メルボルト,メルボルト,メルボルト,family
512,ウルフ・メルボルト,ウルフ・メルボルト,ウルフ・メルボルト,full
513,エウジェニオ・ベルトラミ,ベルトラミ,ベルトラミ,family
513,エウジェニオ・ベルトラミ,エウジェニオ・ベルトラミ,エウジェニオ・ベルトラミ,full
514,エドアルド・アマルディ,アマルディ,アマルディ,family
514,エドアルド・アマルディ,エドアルド・アマルディ,エドアルド・アマルディ,full
515,エドアール・ブランリー,ブランリー,ブランリー,family
515,エドアール・ブランリー,エドアール・ブランリー,エドアール・ブランリー,full
516,エドウィン・アームストロング,アームストロング,アームストロング,family
516,エドウィン・アームストロング,エドウィン・アームストロング,エドウィン・アームストロング,full
517,エドウィン・サルピーター,サルピーター,サルピーター,family
517,エドウィン・サルピーター,エドウィン・サルピーター,エドウィン・サルピーター,full
518,エドウィン・ハーバート・ランド,ランド,ランド,family
518,エドウィン・ハーバート・ランド,エドウィン・ハーバート・ランド,エドウィン・ハーバート・ランド,full
519,エドウィン・ホール,ホール,ホール,family
519,エドウィン・ホール,エドウィン・ホール,エドウィン・ホール,full
520,エドウィン・マクミラン,マクミラン,マクミラン,family
520,エドウィン・マクミラン,エドウィン・マクミラン,エドウィン・マクミラン,full
521,エドガー・ダイクストラ,ダイクストラ,ダイクストラ,family
521,エドガー・ダイクストラ,エドガー・ダイクストラ,エドガー・ダイクストラ,full
522,エドマンド・テイラー・ホイッテーカー,ホイッテーカー,ホイッテーカー,family
522,エドマンド・テイラー・ホイッテーカー,エドマンド・テイラー・ホイッテーカー,エドマンド・テイラー・ホイッテーカー,full
523,エドム・マリオット,マリオット,マリオット,family
523,エドム・マリオット,エドム・マリオット,エドム・マリオット,full
524,エドモンド・ハレー,ハレー,ハレー,family
524,エドモンド・ハレー,エドモンド・ハレー,エドモンド・ハレー,full
525,エドワード・アーサー・ミルン,ミルン,ミルン,family
525,エドワード・アーサー・ミルン,エドワード・アーサー・ミルン,エドワード・アーサー・ミルン,full
526,エドワード・ウィッテン,ウィッテン,ウィッテン,family
526,エドワード・ウィッテン,エドワード・ウィッテン,エドワード・ウィッテン,full
527,エドワード・サビーン,サビーン,サビーン,family
527,エドワード・サビーン,エドワード・サビーン,エドワード・サビーン,full
528,エドワード・ドナル・トーマス,トーマス,トーマス,family
528,エドワード・ドナル・トーマス,エドワード・ドナル・トーマス,エドワード・ドナル・トーマス,full
529,エドワード・マイブリッジ,マイブリッジ,マイブリッジ,family
529,エドワード・マイブリッジ,エドワード・マイブリッジ,エドワード・マイブリッジ,full
530,エドワード・ルー,ルー,ルー,family
530,エドワード・ルー,エドワード・ルー,エドワード・ルー,full
531,エマヌエル・スヴェーデンボリ,スヴェーデンボリ,スヴェーデンボリ,family
531,エマヌエル・スヴェーデンボリ,エマヌエル・スヴェーデンボリ,エマヌエル・スヴェーデンボリ,full
532,エミリー・デュ・シャトレ,シャトレ,シャトレ,family
532,エミリー・デュ・シャトレ,エミリー・デュ・シャトレ,エミリー・デュ・シャトレ,full
533,エミール・クラペイロン,クラペイロン,クラペイロン,family
533,エミール・クラペイロン,エミール・クラペイロン,エミール・クラペイロン,full
534,エミール・デュクロー,デュクロー,デュクロー,family
534,エミール・デュクロー,エミール・デュクロー,エミール・デュクロー,full
535,エミール・デュ・ボア＝レーモン,レーモン,レーモン,family
535,エミール・デュ・ボア＝レーモン,エミール・デュ・ボア＝レーモン,エミール・デュ・ボア・レーモン,full
536,エミール・ボレル,ボレル,ボレル,family
536,エミール・ボレル,エミール・ボレル,エミール・ボレル,full
537,エミール・ワールブルク,ワールブルク,ワールブルク,family
537,エミール・ワールブルク,エミール・ワールブルク,エミール・ワールブルク,full
538,エミール・ヴィーヘルト,ヴィーヘルト,ヴィーヘルト,family
538,エミール・ヴィーヘルト,エミール・ヴィーヘルト,エミール・ヴィーヘルト,full
539,エミー・ネーター,ネーター,ネーター,family
539,エミー・ネーター,エミー・ネーター,エミー・ネーター,full
540,エメット・ブラウン,ブラウン,ブラウン,family
540,エメット・ブラウン,エメット・ブラウン,エメット・ブラウン,full
541,エリック・ベツィグ,ベツィグ,ベツィグ,family
541,エリック・ベツィグ,エリック・ベツィグ,エリック・ベツィグ,full
542,エリヤフ・ゴールドラット,ゴールドラット,ゴールドラット,family
542,エリヤフ・ゴールドラット,エリヤフ・ゴールドラット,エリヤフ・ゴールドラット,full
543,エリ・カルタン,カルタン,カルタン,family
543,エリ・カルタン,エリ・カルタン,エリ・カルタン,full
544,エルネスト・サバト,サバト,サバト,family
544,エルネスト・サバト,エルネスト・サバト,エルネスト・サバト,full
545,エルンスト・クラドニ,クラドニ,クラドニ,family
545,エルンスト・クラドニ,エルンスト・クラドニ,エルンスト・クラドニ,full
546,エルンスト・ハインケル,ハインケル,ハインケル,family
546,エルンスト・ハインケル,エルンスト・ハインケル,エルンスト・ハインケル,full
547,エルンスト・ヴェーバー,ヴェーバー,ヴェーバー,family
547,エルンスト・ヴェーバー,エルンスト・ヴェーバー,エルンスト・ヴェーバー,full
548,エルヴィン・クリストッフェル,クリストッフェル,クリストッフェル,family
548,エルヴィン・クリストッフェル,エルヴィン・クリストッフェル,エルヴィン・クリストッフェル,full
549,エンリコ・ベッチ,ベッチ,ベッチ,family
549,エンリコ・ベッチ,エンリコ・ベッチ,エンリコ・ベッチ,full
550,エヴァルト・ゲオルク・フォン・クライスト,クライスト,クライスト,family
550,エヴァルト・ゲオルク・フォン・クライスト,エヴァルト・ゲオルク・フォン・クライスト,エヴァルト・ゲオルク・フォン・クライスト,full
551,エーリヒ・ヒュッケル,ヒュッケル,ヒュッケル,family
551,エーリヒ・ヒュッケル,エーリヒ・ヒュッケル,エーリヒ・ヒュッケル,full
552,エーレンフリート・ヴァルター・フォン・チルンハウス,チルンハウス,チルンハウス,family
552,エーレンフリート・ヴァルター・フォン・チルンハウス,エーレンフリート・ヴァルター・フォン・チルンハウス,エーレンフリート・ヴァルター・フォン・チルンハウス,full
553,オイゲン・ゴルトシュタイン,ゴルトシュタイン,ゴルトシュタイン,family
553,オイゲン・ゴルトシュタイン,オイゲン・ゴルトシュタイン,オイゲン・ゴルトシュタイン,full
554,オスカー・ラフォンテーヌ,ラフォンテーヌ,ラフォンテーヌ,family
554,オスカー・ラフォンテーヌ,オスカー・ラフォンテーヌ,オスカー・ラフォンテーヌ,full
555,オズボーン・レイノルズ,レイノルズ,レイノルズ,family
555,オズボーン・レイノルズ,オズボーン・レイノルズ,オズボーン・レイノルズ,full
556,オットー・シュミット,シュミット,シュミット,family
556,オットー・シュミット,オットー・シュミット,オットー・シュミット,full
557,オットー・フォン・ゲーリケ,ゲーリケ,ゲーリケ,family
557,オットー・フォン・ゲーリケ,オットー・フォン・ゲーリケ,オットー・フォン・ゲーリケ,full
558,オットー・ロベルト・フリッシュ,フリッシュ,フリッシュ,family
558,オットー・ロベルト・フリッシュ,オットー・ロベルト・フリッシュ,オットー・ロベルト・フリッシュ,full
559,オッド・ハッセル,ハッセル,ハッセル,family
559,オッド・ハッセル,オッド・ハッセル,オッド・ハッセル,full
560,オドゥワン・ドルフュス,ドルフュス,ドルフュス,family
560,オドゥワン・ドルフュス,オドゥワン・ドルフュス,オドゥワン・ドルフュス,full
561,オラス＝ベネディクト・ド・ソシュール,ソシュール,ソシュール,family
561,オラス＝ベネディクト・ド・ソシュール,オラス＝ベネディクト・ド・ソシュール,オラス・ベネディクト・ド・ソシュール,full
562,オリバー・ロッジ,ロッジ,ロッジ,family
562,オリバー・ロッジ,オリバー・ロッジ,オリバー・ロッジ,full
563,オリヴァー・ヘヴィサイド,ヘヴィサイド,ヘヴィサイド,family
563,オリヴァー・ヘヴィサイド,オリヴァー・ヘヴィサイド,オリヴァー・ヘヴィサイド,full
564,オレグ・デリパスカ,デリパスカ,デリパスカ,family
564,オレグ・デリパスカ,オレグ・デリパスカ,オレグ・デリパスカ,full
565,オレグ・ロセフ,ロセフ,ロセフ,family
565,オレグ・ロセフ,オレグ・ロセフ,オレグ・ロセフ,full
566,オレ・ヤコブ・ブロッホ,ブロッホ,ブロッホ,family
566,オレ・ヤコブ・ブロッホ,オレ・ヤコブ・ブロッホ,オレ・ヤコブ・ブロッホ,full
567,オーギュスタン＝ルイ・コーシー,コーシー,コーシー,family
567,オーギュスタン＝ルイ・コーシー,オーギュスタン＝ルイ・コーシー,オーギュスタン・ルイ・コーシー,full
568,オーギュスト・ピカール,ピカール,ピカール,family
568,オーギュスト・ピカール,オーギュスト・ピカール,オーギュスト・ピカール,full
569,オーゲ・ニールス・ボーア,ボーア,ボーア,family
569,オーゲ・ニールス・ボーア,オーゲ・ニールス・ボーア,オーゲ・ニールス・ボーア,full
570,オーレ・レーマー,レーマー,レーマー,family
570,オーレ・レーマー,オーレ・レーマー,オーレ・レーマー,full
571,オーレ・ヴォーム,ヴォーム,ヴォーム,family
571,オーレ・ヴォーム,オーレ・ヴォーム,オーレ・ヴォーム,full
572,カイ・シーグバーン,シーグバーン,シーグバーン,family
572,カイ・シーグバーン,カイ・シーグバーン,カイ・シーグバーン,full
573,カジミェシュ・マルチンキェヴィチ,マルチンキェヴィチ,マルチンキェヴィチ,family
573,カジミェシュ・マルチンキェヴィチ,カジミェシュ・マルチンキェヴィチ,カジミェシュ・マルチンキェヴィチ,full
574,カルロ・ロヴェッリ,ロヴェッリ,ロヴェッリ,family
574,カルロ・ロヴェッリ,カルロ・ロヴェッリ,カルロ・ロヴェッリ,full
575,カール・アウグスト・フォン・シュタインハイル,シュタインハイル,シュタインハイル,family
575,カール・アウグスト・フォン・シュタインハイル,カール・アウグスト・フォン・シュタインハイル,カール・アウグスト・フォン・シュタインハイル,full
576,カール・グスタフ・ヤコブ・ヤコビ,ヤコビ,ヤコビ,family
576,カール・グスタフ・ヤコブ・ヤコビ,カール・グスタフ・ヤコブ・ヤコビ,カール・グスタフ・ヤコブ・ヤコビ,full
577,カール・コンプトン,コンプトン,コンプトン,family
577,カール・コンプトン,カール・コンプトン,カール・コンプトン,full
578,カール・シュヴァルツシルト,シュヴァルツシルト,シュヴァルツシルト,family
578,カール・シュヴァルツシルト,カール・シュヴァルツシルト,カール・シュヴァルツシルト,full
579,カール・ジャンスキー,ジャンスキー,ジャンスキー,family
579,カール・ジャンスキー,カール・ジャンスキー,カール・ジャンスキー,full
580,カール・セーガン,セーガン,セーガン,family
580,カール・セーガン,カール・セーガン,カール・セーガン,full
581,カール・フォン・リンデ,リンデ,リンデ,family
581,カール・フォン・リンデ,カール・フォン・リンデ,カール・フォン・リンデ,full
582,カール・フリードリッヒ・ツェルナー,ツェルナー,ツェルナー,family
582,カール・フリードリッヒ・ツェルナー,カール・フリードリッヒ・ツェルナー,カール・フリードリッヒ・ツェルナー,full
583,カール・フリードリヒ・ツァイス,ツァイス,ツァイス,family
583,カール・フリードリヒ・ツァイス,カール・フリードリヒ・ツァイス,カール・フリードリヒ・ツァイス,full
584,カール・フリードリヒ・フォン・ヴァイツゼッカー,ヴァイツゼッカー,ヴァイツゼッカー,family
584,カール・フリードリヒ・フォン・ヴァイツゼッカー,カール・フリードリヒ・フォン・ヴァイツゼッカー,カール・フリードリヒ・フォン・ヴァイツゼッカー,full
585,カール・フリードリヒ・モール,モール,モール,family
585,カール・フリードリヒ・モール,カール・フリードリヒ・モール,カール・フリードリヒ・モール,full
586,カール・ルンゲ,ルンゲ,ルンゲ,family
586,カール・ルンゲ,カール・ルンゲ,カール・ルンゲ,full
587,カール・ワイエルシュトラス,ワイエルシュトラス,ワイエルシュトラス,family
587,カール・ワイエルシュトラス,カール・ワイエルシュトラス,カール・ワイエルシュトラス,full
588,カール・ワイマン,ワイマン,ワイマン,family
588,カール・ワイマン,カール・ワイマン,カール・ワイマン,full
589,カール・ヴェルスバッハ,ヴェルスバッハ,ヴェルスバッハ,family
589,カール・ヴェルスバッハ,カール・ヴェルスバッハ,カール・ヴェルスバッハ,full
590,カール＝グスタフ・ロスビー,ロスビー,ロスビー,family
590,カール＝グスタフ・ロスビー,カール＝グスタフ・ロスビー,カール・グスタフ・ロスビー,full
591,ガストン・ティサンディエ,ティサンディエ,ティサンディエ,family
591,ガストン・ティサンディエ,ガストン・ティサンディエ,ガストン・ティサンディエ,full
592,ガストン・バシュラール,バシュラール,バシュラール,family
592,ガストン・バシュラール,ガストン・バシュラール,ガストン・バシュラール,full
593,ガストン・プランテ,プランテ,プランテ,family
593,ガストン・プランテ,ガストン・プランテ,ガストン・プランテ,full
594,ガスパール・ド・プロニー,プロニー,プロニー,family
594,ガスパール・ド・プロニー,ガスパール・ド・プロニー,ガスパール・ド・プロニー,full
595,ガスパール・モンジュ,モンジュ,モンジュ,family
595,ガスパール・モンジュ,ガスパール・モンジュ,ガスパール・モンジュ,full
596,ガブリエル・クラメール,クラメール,クラメール,family
596,ガブリエル・クラメール,ガブリエル・クラメール,ガブリエル・クラメール,full
597,ガブリエル・ラメ,ラメ,ラメ,family
597,ガブリエル・ラメ,ガブリエル・ラメ,ガブリエル・ラメ,full
598,ガブリエーレ・ヴェネツィアーノ,ヴェネツィアーノ,ヴェネツィアーノ,family
598,ガブリエーレ・ヴェネツィアーノ,ガブリエーレ・ヴェネツィアーノ,ガブリエーレ・ヴェネツィアーノ,full
599,ガリレオ・フェラリス,フェラリス,フェラリス,family
599,ガリレオ・フェラリス,ガリレオ・フェラリス,ガリレオ・フェラリス,full
600,キャサリン・アサロ,アサロ,アサロ,family
600,キャサリン・アサロ,キャサリン・アサロ,キャサリン・アサロ,full
601,キャサリン・ジョンソン,ジョンソン,ジョンソン,family
601,キャサリン・ジョンソン,キャサリン・ジョンソン,キャサリン・ジョンソン,full
602,キャサリン・ブロジェット,ブロジェット,ブロジェット,family
602,キャサリン・ブロジェット,キャサリン・ブロジェット,キャサリン・ブロジェット,full
603,ギュスターヴ・トルーヴェ,トルーヴェ,トルーヴェ,family
603,ギュスターヴ・トルーヴェ,ギュスターヴ・トルーヴェ,ギュスターヴ・トルーヴェ,full
604,ギュスターヴ・ル・ボン,ボン,ボン,family
604,ギュスターヴ・ル・ボン,ギュスターヴ・ル・ボン,ギュスターヴ・ル・ボン,full
605,ギヨーム・アモントン,アモントン,アモントン,family
605,ギヨーム・アモントン,ギヨーム・アモントン,ギヨーム・アモントン,full
606,ギルバート・ルイス,ルイス,ルイス,family
606,ギルバート・ルイス,ギルバート・ルイス,ギルバート・ルイス,full
607,クトゥブッディーン・シーラーズィー,シーラーズィー,シーラーズィー,family
607,クトゥブッディーン・シーラーズィー,クトゥブッディーン・シーラーズィー,クトゥブッディーン・シーラーズィー,full
608,クライド・カワン,カワン,カワン,family
608,クライド・カワン,クライド・カワン,クライド・カワン,full
609,クラウス・ハッセルマン,ハッセルマン,ハッセルマン,family
609,クラウス・ハッセルマン,クラウス・ハッセルマン,クラウス・ハッセルマン,full
610,クラウス・フックス,フックス,フックス,family
610,クラウス・フックス,クラウス・フックス,クラウス・フックス,full
611,クラウディア・シェインバウム,シェインバウム,シェインバウム,family
611,クラウディア・シェインバウム,クラウディア・シェインバウム,クラウディア・シェインバウム,full
612,クラレンス・ツェナー,ツェナー,ツェナー,family
612,クラレンス・ツェナー,クラレンス・ツェナー,クラレンス・ツェナー,full
613,クリスチアン・シェーンバイン,シェーンバイン,シェーンバイン,family
613,クリスチアン・シェーンバイン,クリスチアン・シェーンバイン,クリスチアン・シェーンバイン,full
614,クリスチャン・ビルケランド,ビルケランド,ビルケランド,family
614,クリスチャン・ビルケランド,クリスチャン・ビルケランド,クリスチャン・ビルケランド,full
615,クリスチャン・マイヤー,マイヤー,マイヤー,family
615,クリスチャン・マイヤー,クリスチャン・マイヤー,クリスチャン・マイヤー,full
616,クリスティアン・ボーア,ボーア,ボーア,family
616,クリスティアン・ボーア,クリスティアン・ボーア,クリスティアン・ボーア,full
617,クリステル・フォーグレサング,フォーグレサング,フォーグレサング,family
617,クリステル・フォーグレサング,クリステル・フォーグレサング,クリステル・フォーグレサング,full
618,クリストファー・レン,レン,レン,family
618,クリストファー・レン,クリストファー・レン,クリストファー・レン,full
619,クリストフェル・ハンステーン,ハンステーン,ハンステーン,family
619,クリストフェル・ハンステーン,クリストフェル・ハンステーン,クリストフェル・ハンステーン,full
620,クリストフェル・プールヘム,プールヘム,プールヘム,family
620,クリストフェル・プールヘム,クリストフェル・プールヘム,クリストフェル・プールヘム,full
621,クリストフ・シャイナー,シャイナー,シャイナー,family
621,クリストフ・シャイナー,クリストフ・シャイナー,クリストフ・シャイナー,full
622,クリストフ・ボイス・バロット,バロット,バロット,family
622,クリストフ・ボイス・バロット,クリストフ・ボイス・バロット,クリストフ・ボイス・バロット,full
623,クルト・ゲーデル,ゲーデル,ゲーデル,family
623,クルト・ゲーデル,クルト・ゲーデル,クルト・ゲーデル,full
624,クルト・ラスヴィッツ,ラスヴィッツ,ラスヴィッツ,family
624,クルト・ラスヴィッツ,クルト・ラスヴィッツ,クルト・ラスヴィッツ,full
625,クレイトン・アンダーソン,アンダーソン,アンダーソン,family
625,クレイトン・アンダーソン,クレイトン・アンダーソン,クレイトン・アンダーソン,full
626,クロード・プイエ,プイエ,プイエ,family
626,クロード・プイエ,クロード・プイエ,クロード・プイエ,full
627,グスタフ・フェヒナー,フェヒナー,フェヒナー,family
627,グスタフ・フェヒナー,グスタフ・フェヒナー,グスタフ・フェヒナー,full
628,グスタフ・ヴィーデマン,ヴィーデマン,ヴィーデマン,family
628,グスタフ・ヴィーデマン,グスタフ・ヴィーデマン,グスタフ・ヴィーデマン,full
629,グレゴリー・ベンフォード,ベンフォード,ベンフォード,family
629,グレゴリー・ベンフォード,グレゴリー・ベンフォード,グレゴリー・ベンフォード,full
630,グレース・ホッパー,ホッパー,ホッパー,family
630,グレース・ホッパー,グレース・ホッパー,グレース・ホッパー,full
631,グロート・レーバー,レーバー,レーバー,family
631,グロート・レーバー,グロート・レーバー,グロート・レーバー,full
632,ケイス・スホウハメル・イミンク,イミンク,イミンク,family
632,ケイス・スホウハメル・イミンク,ケイス・スホウハメル・イミンク,ケイス・スホウハメル・イミンク,full
633,ケネス・ベインブリッジ,ベインブリッジ,ベインブリッジ,family
633,ケネス・ベインブリッジ,ケネス・ベインブリッジ,ケネス・ベインブリッジ,full
634,ゲオルギー・フリョロフ,フリョロフ,フリョロフ,family
634,ゲオルギー・フリョロフ,ゲオルギー・フリョロフ,ゲオルギー・フリョロフ,full
635,ゲオルク・アドルフ・エルマン,エルマン,エルマン,family
635,ゲオルク・アドルフ・エルマン,ゲオルク・アドルフ・エルマン,ゲオルク・アドルフ・エルマン,full
636,ゲオルク・オーム,オーム,オーム,family
636,ゲオルク・オーム,ゲオルク・オーム,ゲオルク・オーム,full
637,ゲオルク・クリストフ・リヒテンベルク,リヒテンベルク,リヒテンベルク,family
637,ゲオルク・クリストフ・リヒテンベルク,ゲオルク・クリストフ・リヒテンベルク,ゲオルク・クリストフ・リヒテンベルク,full
638,ゲオルク・フォン・ベーケーシ,ベーケーシ,ベーケーシ,family
638,ゲオルク・フォン・ベーケーシ,ゲオルク・フォン・ベーケーシ,ゲオルク・フォン・ベーケーシ,full
639,ゲオルク・ヴィルヘルム・リヒマン,リヒマン,リヒマン,family
639,ゲオルク・ヴィルヘルム・リヒマン,ゲオルク・ヴィルヘルム・リヒマン,ゲオルク・ヴィルヘルム・リヒマン,full
640,ゲルソニデス,ゲルソニデス,ゲルソニデス,full
641,ゲルハルト・エルトル,エルトル,エルトル,family
641,ゲルハルト・エルトル,ゲルハルト・エルトル,ゲルハルト・エルトル,full
642,ゲルハルト・ヘルツベルク,ヘルツベルク,ヘルツベルク,family
642,ゲルハルト・ヘルツベルク,ゲルハルト・ヘルツベルク,ゲルハルト・ヘルツベルク,full
643,ゲンナジー・ジュガーノフ,ジュガーノフ,ジュガーノフ,family
643,ゲンナジー・ジュガーノフ,ゲンナジー・ジュガーノフ,ゲンナジー・ジュガーノフ,full
644,コリン・マクローリン,マクローリン,マクローリン,family
644,コリン・マクローリン,コリン・マクローリン,コリン・マクローリン,full
645,コルネリウス・ドレベル,ドレベル,ドレベル,family
645,コルネリウス・ドレベル,コルネリウス・ドレベル,コルネリウス・ドレベル,full
646,コンスタンチン・ツィオルコフスキー,ツィオルコフスキー,ツィオルコフスキー,family
646,コンスタンチン・ツィオルコフスキー,コンスタンチン・ツィオルコフスキー,コンスタンチン・ツィオルコフスキー,full
647,コンラート・ゲスナー,ゲスナー,ゲスナー,family
647,コンラート・ゲスナー,コンラート・ゲスナー,コンラート・ゲスナー,full
648,ゴットヒルフ・ハーゲン,ハーゲン,ハーゲン,family
648,ゴットヒルフ・ハーゲン,ゴットヒルフ・ハーゲン,ゴットヒルフ・ハーゲン,full
649,ゴットフリート・ライプニッツ,ライプニッツ,ライプニッツ,family
649,ゴットフリート・ライプニッツ,ゴットフリート・ライプニッツ,ゴットフリート・ライプニッツ,full
650,ゴッドフリー・ハウンズフィールド,ハウンズフィールド,ハウンズフィールド,family
650,ゴッドフリー・ハウンズフィールド,ゴッドフリー・ハウンズフィールド,ゴッドフリー・ハウンズフィールド,full
651,ゴラームアリー・ハッダード＝アーデル,アーデル,アーデル,family
651,ゴラームアリー・ハッダード＝アーデル,ゴラームアリー・ハッダード＝アーデル,ゴラームアリー・ハッダード・アーデル,full
652,ゴードン・グールド,グールド,グールド,family
652,ゴードン・グールド,ゴードン・グールド,ゴードン・グールド,full
653,ゴードン・フリーマン,フリーマン,フリーマン,family
653,ゴードン・フリーマン,ゴードン・フリーマン,ゴードン・フリーマン,full
654,ゴードン・ムーア,ムーア,ムーア,family
654,ゴードン・ムーア,ゴードン・ムーア,ゴードン・ムーア,full
655,サイモン・シン,シン,シン,family
655,サイモン・シン,サイモン・シン,サイモン・シン,full
656,サミュエル・ゴーズミット,ゴーズミット,ゴーズミット,family
656,サミュエル・ゴーズミット,サミュエル・ゴーズミット,サミュエル・ゴーズミット,full
657,サミュエル・モールス,モールス,モールス,family
657,サミュエル・モールス,サミュエル・モールス,サミュエル・モールス,full
658,サミュエル・ラングレー,ラングレー,ラングレー,family
658,サミュエル・ラングレー,サミュエル・ラングレー,サミュエル・ラングレー,full
659,サリー・ライド,ライド,ライド,family
659,サリー・ライド,サリー・ライド,サリー・ライド,full
660,ザビーネ・ホッセンフェルダー,ホッセンフェルダー,ホッセンフェルダー,family
660,ザビーネ・ホッセンフェルダー,ザビーネ・ホッセンフェルダー,ザビーネ・ホッセンフェルダー,full
661,シェルドン・グラショー,グラショー,グラショー,family
661,シェルドン・グラショー,シェルドン・グラショー,シェルドン・グラショー,full
662,シドニー・アルトマン,アルトマン,アルトマン,family
662,シドニー・アルトマン,シドニー・アルトマン,シドニー・アルトマン,full
663,シドニー・コールマン,コールマン,コールマン,family
663,シドニー・コールマン,シドニー・コールマン,シドニー・コールマン,full
664,シドニー・チャップマン,チャップマン,チャップマン,family
664,シドニー・チャップマン,シドニー・チャップマン,シドニー・チャップマン,full
665,シモン・ステヴィン,ステヴィン,ステヴィン,family
665,シモン・ステヴィン,シモン・ステヴィン,シモン・ステヴィン,full
666,シャノン・ウォーカー,ウォーカー,ウォーカー,family
666,シャノン・ウォーカー,シャノン・ウォーカー,シャノン・ウォーカー,full
667,シャルル・エドゥアール・ギヨーム,ギヨーム,ギヨーム,family
667,シャルル・エドゥアール・ギヨーム,シャルル・エドゥアール・ギヨーム,シャルル・エドゥアール・ギヨーム,full
668,シャルル・エミール・レイノー,レイノー,レイノー,family
668,シャルル・エミール・レイノー,シャルル・エミール・レイノー,シャルル・エミール・レイノー,full
669,シャルル・クロス,クロス,クロス,family
669,シャルル・クロス,シャルル・クロス,シャルル・クロス,full
670,シャルル・ファブリ,ファブリ,ファブリ,family
670,シャルル・ファブリ,シャルル・ファブリ,シャルル・ファブリ,full
671,シャルル・フランソワ・デュ・フェ,フェ,フェ,family
671,シャルル・フランソワ・デュ・フェ,シャルル・フランソワ・デュ・フェ,シャルル・フランソワ・デュ・フェ,full
672,シャルル＝マリー・ド・ラ・コンダミーヌ,コンダミーヌ,コンダミーヌ,family
672,シャルル＝マリー・ド・ラ・コンダミーヌ,シャルル＝マリー・ド・ラ・コンダミーヌ,シャルル・マリー・ド・ラ・コンダミーヌ,full
673,シャーロット・ムーア＝シタリー,シタリー,シタリー,family
673,シャーロット・ムーア＝シタリー,シャーロット・ムーア＝シタリー,シャーロット・ムーア・シタリー,full
674,シュテファン・ヘル,ヘル,ヘル,family
674,シュテファン・ヘル,シュテファン・ヘル,シュテファン・ヘル,full
675,シーモア・ベンザー,ベンザー,ベンザー,family
675,シーモア・ベンザー,シーモア・ベンザー,シーモア・ベンザー,full
676,ジェス・ウェイド,ウェイド,ウェイド,family
676,ジェス・ウェイド,ジェス・ウェイド,ジェス・ウェイド,full
677,ジェフリー・バービッジ,バービッジ,バービッジ,family
677,ジェフリー・バービッジ,ジェフリー・バービッジ,ジェフリー・バービッジ,full
678,ジェラルド・モーリス・エデルマン,エデルマン,エデルマン,family
678,ジェラルド・モーリス・エデルマン,ジェラルド・モーリス・エデルマン,ジェラルド・モーリス・エデルマン,full
679,ジェレミー・ハンセン,ハンセン,ハンセン,family
679,ジェレミー・ハンセン,ジェレミー・ハンセン,ジェレミー・ハンセン,full
680,ジェームス・ハンセン,ハンセン,ハンセン,family
680,ジェームス・ハンセン,ジェームス・ハンセン,ジェームス・ハンセン,full
681,ジェームズ・アルフレッド・ユーイング,ユーイング,ユーイング,family
681,ジェームズ・アルフレッド・ユーイング,ジェームズ・アルフレッド・ユーイング,ジェームズ・アルフレッド・ユーイング,full
682,ジェームズ・エドワード・キーラー,キーラー,キーラー,family
682,ジェームズ・エドワード・キーラー,ジェームズ・エドワード・キーラー,ジェームズ・エドワード・キーラー,full
683,ジェームズ・ジーンズ,ジーンズ,ジーンズ,family
683,ジェームズ・ジーンズ,ジェームズ・ジーンズ,ジェームズ・ジーンズ,full
684,ジェームズ・チャリス,チャリス,チャリス,family
684,ジェームズ・チャリス,ジェームズ・チャリス,ジェームズ・チャリス,full
685,ジェームズ・ワット,ワット,ワット,family
685,ジェームズ・ワット,ジェームズ・ワット,ジェームズ・ワット,full
686,ジェームズ・ワトソン,ワトソン,ワトソン,family
686,ジェームズ・ワトソン,ジェームズ・ワトソン,ジェームズ・ワトソン,full
687,ジェームズ・ヴァン・アレン,アレン,アレン,family
687,ジェームズ・ヴァン・アレン,ジェームズ・ヴァン・アレン,ジェームズ・ヴァン・アレン,full
688,ジグムント・ヴルブレフスキ,ヴルブレフスキ,ヴルブレフスキ,family
688,ジグムント・ヴルブレフスキ,ジグムント・ヴルブレフスキ,ジグムント・ヴルブレフスキ,full
689,ジャガディッシュ・チャンドラ・ボース,ボース,ボース,family
689,ジャガディッシュ・チャンドラ・ボース,ジャガディッシュ・チャンドラ・ボース,ジャガディッシュ・チャンドラ・ボース,full
690,ジャック・キュリー,キュリー,キュリー,family
690,ジャック・キュリー,ジャック・キュリー,ジャック・キュリー,full
691,ジャック・シャルル・フランソワ・スツルム,スツルム,スツルム,family
691,ジャック・シャルル・フランソワ・スツルム,ジャック・シャルル・フランソワ・スツルム,ジャック・シャルル・フランソワ・スツルム,full
692,ジャック・ソレ,ソレ,ソレ,family
692,ジャック・ソレ,ジャック・ソレ,ジャック・ソレ,full
693,ジャック・バビネ,バビネ,バビネ,family
693,ジャック・バビネ,ジャック・バビネ,ジャック・バビネ,full
694,ジャック・フィリップ・マリー・ビネ,ビネ,ビネ,family
694,ジャック・フィリップ・マリー・ビネ,ジャック・フィリップ・マリー・ビネ,ジャック・フィリップ・マリー・ビネ,full
695,ジャック＝アルセーヌ・ダルソンバール,ダルソンバール,ダルソンバール,family
695,ジャック＝アルセーヌ・ダルソンバール,ジャック＝アルセーヌ・ダルソンバール,ジャック・アルセーヌ・ダルソンバール,full
696,ジャンバッティスタ・デッラ・ポルタ,ポルタ,ポルタ,family
696,ジャンバッティスタ・デッラ・ポルタ,ジャンバッティスタ・デッラ・ポルタ,ジャンバッティスタ・デッラ・ポルタ,full
697,ジャン・ピカール,ピカール,ピカール,family
697,ジャン・ピカール,ジャン・ピカール,ジャン・ピカール,full
698,ジャン・ポアズイユ,ポアズイユ,ポアズイユ,family
698,ジャン・ポアズイユ,ジャン・ポアズイユ,ジャン・ポアズイユ,full
699,ジャン＝アントワーヌ・ノレ,ノレ,ノレ,family
699,ジャン＝アントワーヌ・ノレ,ジャン＝アントワーヌ・ノレ,ジャン・アントワーヌ・ノレ,full
700,ジャン＝シャルル・ド・ボルダ,ボルダ,ボルダ,family
700,ジャン＝シャルル・ド・ボルダ,ジャン＝シャルル・ド・ボルダ,ジャン・シャルル・ド・ボルダ,full
701,ジャン＝シャルル・ペルティエ,ペルティエ,ペルティエ,family
701,ジャン＝シャルル・ペルティエ,ジャン＝シャルル・ペルティエ,ジャン・シャルル・ペルティエ,full
702,ジャン＝バティスト・ビオ,ビオ,ビオ,family
702,ジャン＝バティスト・ビオ,ジャン＝バティスト・ビオ,ジャン・バティスト・ビオ,full
703,ジャン＝ヴィクトル・ポンスレ,ポンスレ,ポンスレ,family
703,ジャン＝ヴィクトル・ポンスレ,ジャン＝ヴィクトル・ポンスレ,ジャン・ヴィクトル・ポンスレ,full
704,ジュセッペ・オキャリーニ,オキャリーニ,オキャリーニ,family
704,ジュセッペ・オキャリーニ,ジュセッペ・オキャリーニ,ジュセッペ・オキャリーニ,full
705,ジュリアン・バーバー,バーバー,バーバー,family
705,ジュリアン・バーバー,ジュリアン・バーバー,ジュリアン・バーバー,full
706,ジューディア・パール,パール,パール,family
706,ジューディア・パール,ジューディア・パール,ジューディア・パール,full
707,ジュール・ジャマン,ジャマン,ジャマン,family
707,ジュール・ジャマン,ジュール・ジャマン,ジュール・ジャマン,full
708,ジョサイア・バートレット,バートレット,バートレット,family
708,ジョサイア・バートレット,ジョサイア・バートレット,ジョサイア・バートレット,full
709,ジョスリン・ベル・バーネル,バーネル,バーネル,family
709,ジョスリン・ベル・バーネル,ジョスリン・ベル・バーネル,ジョスリン・ベル・バーネル,full
710,ジョセフ・ウェーバー,ウェーバー,ウェーバー,family
710,ジョセフ・ウェーバー,ジョセフ・ウェーバー,ジョセフ・ウェーバー,full
711,ジョセフ・ウォーカー,ウォーカー,ウォーカー,family
711,ジョセフ・ウォーカー,ジョセフ・ウォーカー,ジョセフ・ウォーカー,full
712,ジョセフ・ポルチンスキー,ポルチンスキー,ポルチンスキー,family
712,ジョセフ・ポルチンスキー,ジョセフ・ポルチンスキー,ジョセフ・ポルチンスキー,full
713,ジョセフ・マキシミリアン・ペッツヴァール,ペッツヴァール,ペッツヴァール,family
713,ジョセフ・マキシミリアン・ペッツヴァール,ジョセフ・マキシミリアン・ペッツヴァール,ジョセフ・マキシミリアン・ペッツヴァール,full
714,ジョセフ・ロートブラット,ロートブラット,ロートブラット,family
714,ジョセフ・ロートブラット,ジョセフ・ロートブラット,ジョセフ・ロートブラット,full
715,ジョゼフ・スワン,スワン,スワン,family
715,ジョゼフ・スワン,ジョゼフ・スワン,ジョゼフ・スワン,full
716,ジョゼフ・ブラック,ブラック,ブラック,family
716,ジョゼフ・ブラック,ジョゼフ・ブラック,ジョゼフ・ブラック,full
717,ジョゼフ・プラトー,プラトー,プラトー,family
717,ジョゼフ・プラトー,ジョゼフ・プラトー,ジョゼフ・プラトー,full
718,ジョゼフ・プリーストリー,プリーストリー,プリーストリー,family
718,ジョゼフ・プリーストリー,ジョゼフ・プリーストリー,ジョゼフ・プリーストリー,full
719,ジョゼフ＝ニコラ・ドリル,ドリル,ドリル,family
719,ジョゼフ＝ニコラ・ドリル,ジョゼフ＝ニコラ・ドリル,ジョゼフ・ニコラ・ドリル,full
720,ジョバンニ・バッティスタ・アミーチ,アミーチ,アミーチ,family
720,ジョバンニ・バッティスタ・アミーチ,ジョバンニ・バッティスタ・アミーチ,ジョバンニ・バッティスタ・アミーチ,full
721,ジョルジュ・クロード,クロード,クロード,family
721,ジョルジュ・クロード,ジョルジュ・クロード,ジョルジュ・クロード,full
722,ジョルジュ・ルメートル,ルメートル,ルメートル,family
722,ジョルジュ・ルメートル,ジョルジュ・ルメートル,ジョルジュ・ルメートル,full
723,ジョルジュ＝ルイ・ルクレール・ド・ビュフォン,ビュフォン,ビュフォン,family
723,ジョルジュ＝ルイ・ルクレール・ド・ビュフォン,ジョルジュ＝ルイ・ルクレール・ド・ビュフォン,ジョルジュ・ルイ・ルクレール・ド・ビュフォン,full
724,ジョルジョ・パリージ,パリージ,パリージ,family
724,ジョルジョ・パリージ,ジョルジョ・パリージ,ジョルジョ・パリージ,full
725,ジョン・アタナソフ,アタナソフ,アタナソフ,family
725,ジョン・アタナソフ,ジョン・アタナソフ,ジョン・アタナソフ,full
726,ジョン・カー,カー,カー,family
726,ジョン・カー,ジョン・カー,ジョン・カー,full
727,ジョン・クラウザー,クラウザー,クラウザー,family
727,ジョン・クラウザー,ジョン・クラウザー,ジョン・クラウザー,full
728,ジョン・クラーク,クラーク,クラーク,family
728,ジョン・クラーク,ジョン・クラーク,ジョン・クラーク,full
729,ジョン・グッドイナフ,グッドイナフ,グッドイナフ,family
729,ジョン・グッドイナフ,ジョン・グッドイナフ,ジョン・グッドイナフ,full
730,ジョン・シュワルツ,シュワルツ,シュワルツ,family
730,ジョン・シュワルツ,ジョン・シュワルツ,ジョン・シュワルツ,full
731,ジョン・ジェフリーズ,ジェフリーズ,ジェフリーズ,family
731,ジョン・ジェフリーズ,ジョン・ジェフリーズ,ジョン・ジェフリーズ,full
732,ジョン・スチュワート・ベル,ベル,ベル,family
732,ジョン・スチュワート・ベル,ジョン・スチュワート・ベル,ジョン・スチュワート・ベル,full
733,ジョン・スミートン,スミートン,スミートン,family
733,ジョン・スミートン,ジョン・スミートン,ジョン・スミートン,full
734,ジョン・デサグリエ,デサグリエ,デサグリエ,family
734,ジョン・デサグリエ,ジョン・デサグリエ,ジョン・デサグリエ,full
735,ジョン・デスモンド・バナール,バナール,バナール,family
735,ジョン・デスモンド・バナール,ジョン・デスモンド・バナール,ジョン・デスモンド・バナール,full
736,ジョン・ドロンド,ドロンド,ドロンド,family
736,ジョン・ドロンド,ジョン・ドロンド,ジョン・ドロンド,full
737,ジョン・ネイピア,ネイピア,ネイピア,family
737,ジョン・ネイピア,ジョン・ネイピア,ジョン・ネイピア,full
738,ジョン・ハーシェル,ハーシェル,ハーシェル,family
738,ジョン・ハーシェル,ジョン・ハーシェル,ジョン・ハーシェル,full
739,ジョン・バーコール,バーコール,バーコール,family
739,ジョン・バーコール,ジョン・バーコール,ジョン・バーコール,full
740,ジョン・フィリップス,フィリップス,フィリップス,family
740,ジョン・フィリップス,ジョン・フィリップス,ジョン・フィリップス,full
741,ジョン・フォン・ノイマン,ノイマン,ノイマン,family
741,ジョン・フォン・ノイマン,ジョン・フォン・ノイマン,ジョン・フォン・ノイマン,full
742,ジョン・フレデリック・ダニエル,ダニエル,ダニエル,family
742,ジョン・フレデリック・ダニエル,ジョン・フレデリック・ダニエル,ジョン・フレデリック・ダニエル,full
743,ジョン・フレミング,フレミング,フレミング,family
743,ジョン・フレミング,ジョン・フレミング,ジョン・フレミング,full
744,ジョン・プレイフェア,プレイフェア,プレイフェア,family
744,ジョン・プレイフェア,ジョン・プレイフェア,ジョン・プレイフェア,full
745,ジョン・プレスパー・エッカート,エッカート,エッカート,family
745,ジョン・プレスパー・エッカート,ジョン・プレスパー・エッカート,ジョン・プレスパー・エッカート,full
746,ジョン・ヘンリー・ポインティング,ポインティング,ポインティング,family
746,ジョン・ヘンリー・ポインティング,ジョン・ヘンリー・ポインティング,ジョン・ヘンリー・ポインティング,full
747,ジョン・ペンドリー,ペンドリー,ペンドリー,family
747,ジョン・ペンドリー,ジョン・ペンドリー,ジョン・ペンドリー,full
748,ジョン・ホイーラー,ホイーラー,ホイーラー,family
748,ジョン・ホイーラー,ジョン・ホイーラー,ジョン・ホイーラー,full
749,ジョン・ホップフィールド,ホップフィールド,ホップフィールド,family
749,ジョン・ホップフィールド,ジョン・ホップフィールド,ジョン・ホップフィールド,full
750,ジョン・ホプキンソン,ホプキンソン,ホプキンソン,family
750,ジョン・ホプキンソン,ジョン・ホプキンソン,ジョン・ホプキンソン,full
751,ジョン・ポラニー,ポラニー,ポラニー,family
751,ジョン・ポラニー,ジョン・ポラニー,ジョン・ポラニー,full
752,ジョン・ポープル,ポープル,ポープル,family
752,ジョン・ポープル,ジョン・ポープル,ジョン・ポープル,full
753,ジョン・ミッチェル,ミッチェル,ミッチェル,family
753,ジョン・ミッチェル,ジョン・ミッチェル,ジョン・ミッチェル,full
754,ジョン・モークリー,モークリー,モークリー,family
754,ジョン・モークリー,ジョン・モークリー,ジョン・モークリー,full
755,ジョン・レスリー,レスリー,レスリー,family
755,ジョン・レスリー,ジョン・レスリー,ジョン・レスリー,full
756,ジョン・レナード＝ジョーンズ,ジョーンズ,ジョーンズ,family
756,ジョン・レナード＝ジョーンズ,ジョン・レナード＝ジョーンズ,ジョン・レナード・ジョーンズ,full
757,ジョン・ロジー・ベアード,ベアード,ベアード,family
757,ジョン・ロジー・ベアード,ジョン・ロジー・ベアード,ジョン・ロジー・ベアード,full
758,ジョヴァンニ・ジョルジ,ジョルジ,ジョルジ,family
758,ジョヴァンニ・ジョルジ,ジョヴァンニ・ジョルジ,ジョヴァンニ・ジョルジ,full
759,ジョージ・アトウッド,アトウッド,アトウッド,family
759,ジョージ・アトウッド,ジョージ・アトウッド,ジョージ・アトウッド,full
760,ジョージ・エミール・パラーデ,パラーデ,パラーデ,family
760,ジョージ・エミール・パラーデ,ジョージ・エミール・パラーデ,ジョージ・エミール・パラーデ,full
761,ジョージ・エリス,エリス,エリス,family
761,ジョージ・エリス,ジョージ・エリス,ジョージ・エリス,full
762,ジョージ・ジョンストン・ストーニー,ストーニー,ストーニー,family
762,ジョージ・ジョンストン・ストーニー,ジョージ・ジョンストン・ストーニー,ジョージ・ジョンストン・ストーニー,full
763,ジョージ・スダルシャン,スダルシャン,スダルシャン,family
763,ジョージ・スダルシャン,ジョージ・スダルシャン,ジョージ・スダルシャン,full
764,ジョージ・ツワイク,ツワイク,ツワイク,family
764,ジョージ・ツワイク,ジョージ・ツワイク,ジョージ・ツワイク,full
765,ジョージ・ネルソン,ネルソン,ネルソン,family
765,ジョージ・ネルソン,ジョージ・ネルソン,ジョージ・ネルソン,full
766,ジョージ・ビドル・エアリー,エアリー,エアリー,family
766,ジョージ・ビドル・エアリー,ジョージ・ビドル・エアリー,ジョージ・ビドル・エアリー,full
767,ジョージ・ヘール,ヘール,ヘール,family
767,ジョージ・ヘール,ジョージ・ヘール,ジョージ・ヘール,full
768,ジョーゼフ・アレン・ハイネック,ハイネック,ハイネック,family
768,ジョーゼフ・アレン・ハイネック,ジョーゼフ・アレン・ハイネック,ジョーゼフ・アレン・ハイネック,full
769,ジョーン・ファインマン,ファインマン,ファインマン,family
769,ジョーン・ファインマン,ジョーン・ファインマン,ジョーン・ファインマン,full
770,ジル・ド・ロベルヴァル,ロベルヴァル,ロベルヴァル,family
770,ジル・ド・ロベルヴァル,ジル・ド・ロベルヴァル,ジル・ド・ロベルヴァル,full
771,ジーン・アムダール,アムダール,アムダール,family
771,ジーン・アムダール,ジーン・アムダール,ジーン・アムダール,full
772,スタニスラフ・シュシケビッチ,シュシケビッチ,シュシケビッチ,family
772,スタニスラフ・シュシケビッチ,スタニスラフ・シュシケビッチ,スタニスラフ・シュシケビッチ,full
773,スタニスワフ・ウラム,ウラム,ウラム,family
773,スタニスワフ・ウラム,スタニスワフ・ウラム,スタニスワフ・ウラム,full
774,スタントン・フリードマン,フリードマン,フリードマン,family
774,スタントン・フリードマン,スタントン・フリードマン,スタントン・フリードマン,full
775,スチュアート・ラッセル,ラッセル,ラッセル,family
775,スチュアート・ラッセル,スチュアート・ラッセル,スチュアート・ラッセル,full
776,スティーブン・ウルフラム,ウルフラム,ウルフラム,family
776,スティーブン・ウルフラム,スティーブン・ウルフラム,スティーブン・ウルフラム,full
777,スティーヴン・グレイ,グレイ,グレイ,family
777,スティーヴン・グレイ,スティーヴン・グレイ,スティーヴン・グレイ,full
778,スティーヴン・ヘールズ,ヘールズ,ヘールズ,family
778,スティーヴン・ヘールズ,スティーヴン・ヘールズ,スティーヴン・ヘールズ,full
779,ステパーン・ティモシェンコ,ティモシェンコ,ティモシェンコ,family
779,ステパーン・ティモシェンコ,ステパーン・ティモシェンコ,ステパーン・ティモシェンコ,full
780,スヴァンテ・アレニウス,アレニウス,アレニウス,family
780,スヴァンテ・アレニウス,スヴァンテ・アレニウス,スヴァンテ・アレニウス,full
781,スヴャトスラフ・ヴァカルチュク,ヴァカルチュク,ヴァカルチュク,family
781,スヴャトスラフ・ヴァカルチュク,スヴャトスラフ・ヴァカルチュク,スヴャトスラフ・ヴァカルチュク,full
782,ズラブ・ノガイデリ,ノガイデリ,ノガイデリ,family
782,ズラブ・ノガイデリ,ズラブ・ノガイデリ,ズラブ・ノガイデリ,full
783,セオドア・フォン・カルマン,カルマン,カルマン,family
783,セオドア・フォン・カルマン,セオドア・フォン・カルマン,セオドア・フォン・カルマン,full
784,セオドア・メイマン,メイマン,メイマン,family
784,セオドア・メイマン,セオドア・メイマン,セオドア・メイマン,full
785,セザーレ・ラッテス,ラッテス,ラッテス,family
785,セザーレ・ラッテス,セザーレ・ラッテス,セザーレ・ラッテス,full
786,セシル・ドウィット＝モレット,モレット,モレット,family
786,セシル・ドウィット＝モレット,セシル・ドウィット＝モレット,セシル・ドウィット・モレット,full
787,セス・ネッダーマイヤー,ネッダーマイヤー,ネッダーマイヤー,family
787,セス・ネッダーマイヤー,セス・ネッダーマイヤー,セス・ネッダーマイヤー,full
788,セルゲイ・カピーツァ,カピーツァ,カピーツァ,family
788,セルゲイ・カピーツァ,セルゲイ・カピーツァ,セルゲイ・カピーツァ,full
789,セルゲイ・コロリョフ,コロリョフ,コロリョフ,family
789,セルゲイ・コロリョフ,セルゲイ・コロリョフ,セルゲイ・コロリョフ,full
790,セルゲイ・ヴァヴィロフ,ヴァヴィロフ,ヴァヴィロフ,family
790,セルゲイ・ヴァヴィロフ,セルゲイ・ヴァヴィロフ,セルゲイ・ヴァヴィロフ,full
791,ゼノブ・グラム,グラム,グラム,family
791,ゼノブ・グラム,ゼノブ・グラム,ゼノブ・グラム,full
792,ソフィア・オクネフスカ＝モラチェフスカ,モラチェフスカ,モラチェフスカ,family
792,ソフィア・オクネフスカ＝モラチェフスカ,ソフィア・オクネフスカ＝モラチェフスカ,ソフィア・オクネフスカ・モラチェフスカ,full
793,ソフィア・コワレフスカヤ,コワレフスカヤ,コワレフスカヤ,family
793,ソフィア・コワレフスカヤ,ソフィア・コワレフスカヤ,ソフィア・コワレフスカヤ,full
794,ソフィ・ジェルマン,ジェルマン,ジェルマン,family
794,ソフィ・ジェルマン,ソフィ・ジェルマン,ソフィ・ジェルマン,full
795,ダグラス・ハートリー,ハートリー,ハートリー,family
795,ダグラス・ハートリー,ダグラス・ハートリー,ダグラス・ハートリー,full
796,ダグラス・ホフスタッター,ホフスタッター,ホフスタッター,family
796,ダグラス・ホフスタッター,ダグラス・ホフスタッター,ダグラス・ホフスタッター,full
797,ダドリー・ハーシュバック,ハーシュバック,ハーシュバック,family
797,ダドリー・ハーシュバック,ダドリー・ハーシュバック,ダドリー・ハーシュバック,full
798,ダニエル・シェヒトマン,シェヒトマン,シェヒトマン,family
798,ダニエル・シェヒトマン,ダニエル・シェヒトマン,ダニエル・シェヒトマン,full
799,ダニエル・スワロフスキー,スワロフスキー,スワロフスキー,family
799,ダニエル・スワロフスキー,ダニエル・スワロフスキー,ダニエル・スワロフスキー,full
800,ダニエル・ラザフォード,ラザフォード,ラザフォード,family
800,ダニエル・ラザフォード,ダニエル・ラザフォード,ダニエル・ラザフォード,full
801,ダフィット・ヒルベルト,ヒルベルト,ヒルベルト,family
801,ダフィット・ヒルベルト,ダフィット・ヒルベルト,ダフィット・ヒルベルト,full
802,ダヴィッド・ルエール,ルエール,ルエール,family
802,ダヴィッド・ルエール,ダヴィッド・ルエール,ダヴィッド・ルエール,full
803,ダヴィト・バクラゼ,バクラゼ,バクラゼ,family
803,ダヴィト・バクラゼ,ダヴィト・バクラゼ,ダヴィト・バクラゼ,full
804,チェスター・カールソン,カールソン,カールソン,family
804,チェスター・カールソン,チェスター・カールソン,チェスター・カールソン,full
805,チャリング・クープマンス,クープマンス,クープマンス,family
805,チャリング・クープマンス,チャリング・クープマンス,チャリング・クープマンス,full
806,チャールズ・カオ,カオ,カオ,family
806,チャールズ・カオ,チャールズ・カオ,チャールズ・カオ,full
807,チャールズ・ゴールトン・ダーウィン,ダーウィン,ダーウィン,family
807,チャールズ・ゴールトン・ダーウィン,チャールズ・ゴールトン・ダーウィン,チャールズ・ゴールトン・ダーウィン,full
808,チャールズ・サンダース・パース,パース,パース,family
808,チャールズ・サンダース・パース,チャールズ・サンダース・パース,チャールズ・サンダース・パース,full
809,チャールズ・スターク・ドレイパー,ドレイパー,ドレイパー,family
809,チャールズ・スターク・ドレイパー,チャールズ・スターク・ドレイパー,チャールズ・スターク・ドレイパー,full
810,チャールズ・デービッド・キーリング,キーリング,キーリング,family
810,チャールズ・デービッド・キーリング,チャールズ・デービッド・キーリング,チャールズ・デービッド・キーリング,full
811,チャールズ・トムソン・リーズ・ウィルソン,ウィルソン,ウィルソン,family
811,チャールズ・トムソン・リーズ・ウィルソン,チャールズ・トムソン・リーズ・ウィルソン,チャールズ・トムソン・リーズ・ウィルソン,full
812,チャールズ・バーノン・ボーイズ,ボーイズ,ボーイズ,family
812,チャールズ・バーノン・ボーイズ,チャールズ・バーノン・ボーイズ,チャールズ・バーノン・ボーイズ,full
813,チャールズ・パーシー・スノー,スノー,スノー,family
813,チャールズ・パーシー・スノー,チャールズ・パーシー・スノー,チャールズ・パーシー・スノー,full
814,チャールズ・プロテウス・スタインメッツ,スタインメッツ,スタインメッツ,family
814,チャールズ・プロテウス・スタインメッツ,チャールズ・プロテウス・スタインメッツ,チャールズ・プロテウス・スタインメッツ,full
815,チャールズ・ベネット,ベネット,ベネット,family
815,チャールズ・ベネット,チャールズ・ベネット,チャールズ・ベネット,full
816,チャールズ・ホイートストン,ホイートストン,ホイートストン,family
816,チャールズ・ホイートストン,チャールズ・ホイートストン,チャールズ・ホイートストン,full
817,チャールズ・マイスナー,マイスナー,マイスナー,family
817,チャールズ・マイスナー,チャールズ・マイスナー,チャールズ・マイスナー,full
818,チャールズ・ヤング,ヤング,ヤング,family
818,チャールズ・ヤング,チャールズ・ヤング,チャールズ・ヤング,full
819,チンターマニー・ラーオ,ラーオ,ラーオ,family
819,チンターマニー・ラーオ,チンターマニー・ラーオ,チンターマニー・ラーオ,full
820,ティム・バーナーズ＝リー,リー,リー,family
820,ティム・バーナーズ＝リー,ティム・バーナーズ＝リー,ティム・バーナーズ・リー,full
821,テオドール・カルツァ,カルツァ,カルツァ,family
821,テオドール・カルツァ,テオドール・カルツァ,テオドール・カルツァ,full
822,テオドール・スヴェドベリ,スヴェドベリ,スヴェドベリ,family
822,テオドール・スヴェドベリ,テオドール・スヴェドベリ,テオドール・スヴェドベリ,full
823,テオフィル・ド・ドンデ,ドンデ,ドンデ,family
823,テオフィル・ド・ドンデ,テオフィル・ド・ドンデ,テオフィル・ド・ドンデ,full
824,テオフィル＝ジュール・ペルーズ,ペルーズ,ペルーズ,family
824,テオフィル＝ジュール・ペルーズ,テオフィル＝ジュール・ペルーズ,テオフィル・ジュール・ペルーズ,full
825,テオプラストス,テオプラストス,テオプラストス,full
826,テミスティオス,テミスティオス,テミスティオス,full
827,ディルク・フリムー,フリムー,フリムー,family
827,ディルク・フリムー,ディルク・フリムー,ディルク・フリムー,full
828,ディヴィッド・ブリュースター,ブリュースター,ブリュースター,family
828,ディヴィッド・ブリュースター,ディヴィッド・ブリュースター,ディヴィッド・ブリュースター,full
829,デイビッド・エドワード・ヒューズ,ヒューズ,ヒューズ,family
829,デイビッド・エドワード・ヒューズ,デイビッド・エドワード・ヒューズ,デイビッド・エドワード・ヒューズ,full
830,デイヴィッド・ドイッチュ,ドイッチュ,ドイッチュ,family
830,デイヴィッド・ドイッチュ,デイヴィッド・ドイッチュ,デイヴィッド・ドイッチュ,full
831,デイヴィッド・ハーン,ハーン,ハーン,family
831,デイヴィッド・ハーン,デイヴィッド・ハーン,デイヴィッド・ハーン,full
832,デイヴィッド・フリードマン,フリードマン,フリードマン,family
832,デイヴィッド・フリードマン,デイヴィッド・フリードマン,デイヴィッド・フリードマン,full
833,デイヴィッド・ブリン,ブリン,ブリン,family
833,デイヴィッド・ブリン,デイヴィッド・ブリン,デイヴィッド・ブリン,full
834,デニス・シアマ,シアマ,シアマ,family
834,デニス・シアマ,デニス・シアマ,デニス・シアマ,full
835,デヴィッド・ボーム,ボーム,ボーム,family
835,デヴィッド・ボーム,デヴィッド・ボーム,デヴィッド・ボーム,full
836,デービッド・ワインランド,ワインランド,ワインランド,family
836,デービッド・ワインランド,デービッド・ワインランド,デービッド・ワインランド,full
837,トゥーリオ・レッジェ,レッジェ,レッジェ,family
837,トゥーリオ・レッジェ,トゥーリオ・レッジェ,トゥーリオ・レッジェ,full
838,トゥーリオ・レヴィ＝チヴィタ,チヴィタ,チヴィタ,family
838,トゥーリオ・レヴィ＝チヴィタ,トゥーリオ・レヴィ＝チヴィタ,トゥーリオ・レヴィ・チヴィタ,full
839,トビアス・マイヤー,マイヤー,マイヤー,family
839,トビアス・マイヤー,トビアス・マイヤー,トビアス・マイヤー,full
840,トマス・キブル,キブル,キブル,family
840,トマス・キブル,トマス・キブル,トマス・キブル,full
841,トレイシー・コールドウェル,コールドウェル,コールドウェル,family
841,トレイシー・コールドウェル,トレイシー・コールドウェル,トレイシー・コールドウェル,full
842,トーマス・アンドリューズ,アンドリューズ,アンドリューズ,family
842,トーマス・アンドリューズ,トーマス・アンドリューズ,トーマス・アンドリューズ,full
843,トーマス・エジソン,エジソン,エジソン,family
843,トーマス・エジソン,トーマス・エジソン,トーマス・エジソン,full
844,トーマス・クーン,クーン,クーン,family
844,トーマス・クーン,トーマス・クーン,トーマス・クーン,full
845,トーマス・グレアム,グレアム,グレアム,family
845,トーマス・グレアム,トーマス・グレアム,トーマス・グレアム,full
846,トーマス・ゴールド,ゴールド,ゴールド,family
846,トーマス・ゴールド,トーマス・ゴールド,トーマス・ゴールド,full
847,トーマス・フィンケ,フィンケ,フィンケ,family
847,トーマス・フィンケ,トーマス・フィンケ,トーマス・フィンケ,full
848,ドミトリー・イワネンコ,イワネンコ,イワネンコ,family
848,ドミトリー・イワネンコ,ドミトリー・イワネンコ,ドミトリー・イワネンコ,full
849,ドロシー・ホジキン,ホジキン,ホジキン,family
849,ドロシー・ホジキン,ドロシー・ホジキン,ドロシー・ホジキン,full
850,ニカノール・パラ,パラ,パラ,family
850,ニカノール・パラ,ニカノール・パラ,ニカノール・パラ,full
851,ニコライ・ジュコーフスキー,ジュコーフスキー,ジュコーフスキー,family
851,ニコライ・ジュコーフスキー,ニコライ・ジュコーフスキー,ニコライ・ジュコーフスキー,full
852,ニコライ・セミョーノフ,セミョーノフ,セミョーノフ,family
852,ニコライ・セミョーノフ,ニコライ・セミョーノフ,ニコライ・セミョーノフ,full
853,ニコライ・デンコフ,デンコフ,デンコフ,family
853,ニコライ・デンコフ,ニコライ・デンコフ,ニコライ・デンコフ,full
854,ニコライ・ボゴリューボフ,ボゴリューボフ,ボゴリューボフ,family
854,ニコライ・ボゴリューボフ,ニコライ・ボゴリューボフ,ニコライ・ボゴリューボフ,full
855,ニコライ・ルカビシュニコフ,ルカビシュニコフ,ルカビシュニコフ,family
855,ニコライ・ルカビシュニコフ,ニコライ・ルカビシュニコフ,ニコライ・ルカビシュニコフ,full
856,ニコラウス・コペルニクス,コペルニクス,コペルニクス,family
856,ニコラウス・コペルニクス,ニコラウス・コペルニクス,ニコラウス・コペルニクス,full
857,ニコラウス・フォン・ジャカン,ジャカン,ジャカン,family
857,ニコラウス・フォン・ジャカン,ニコラウス・フォン・ジャカン,ニコラウス・フォン・ジャカン,full
858,ニコラ・カビボ,カビボ,カビボ,family
858,ニコラ・カビボ,ニコラ・カビボ,ニコラ・カビボ,full
859,ニコラ・テスラ,テスラ,テスラ,family
859,ニコラ・テスラ,ニコラ・テスラ,ニコラ・テスラ,full
860,ニコル・オレーム,オレーム,オレーム,family
860,ニコル・オレーム,ニコル・オレーム,ニコル・オレーム,full
861,ニコロズ・ムスヘリシヴィリ,ムスヘリシヴィリ,ムスヘリシヴィリ,family
861,ニコロズ・ムスヘリシヴィリ,ニコロズ・ムスヘリシヴィリ,ニコロズ・ムスヘリシヴィリ,full
862,ニセフォール・ニエプス,ニエプス,ニエプス,family
862,ニセフォール・ニエプス,ニセフォール・ニエプス,ニセフォール・ニエプス,full
863,ニック・ホロニアック,ホロニアック,ホロニアック,family
863,ニック・ホロニアック,ニック・ホロニアック,ニック・ホロニアック,full
864,ニッコロ・ズッキ,ズッキ,ズッキ,family
864,ニッコロ・ズッキ,ニッコロ・ズッキ,ニッコロ・ズッキ,full
865,ネイサン・ローゼン,ローゼン,ローゼン,family
865,ネイサン・ローゼン,ネイサン・ローゼン,ネイサン・ローゼン,full
866,ネルギス・マヴァルヴァラ,マヴァルヴァラ,マヴァルヴァラ,family
866,ネルギス・マヴァルヴァラ,ネルギス・マヴァルヴァラ,ネルギス・マヴァルヴァラ,full
867,ノーマン・ロッキャー,ロッキャー,ロッキャー,family
867,ノーマン・ロッキャー,ノーマン・ロッキャー,ノーマン・ロッキャー,full
868,ハインツ・フォン・フェルスター,フェルスター,フェルスター,family
868,ハインツ・フォン・フェルスター,ハインツ・フォン・フェルスター,ハインツ・フォン・フェルスター,full
869,ハインリッヒ・ウィルヘルム・ドーヴェ,ドーヴェ,ドーヴェ,family
869,ハインリッヒ・ウィルヘルム・ドーヴェ,ハインリッヒ・ウィルヘルム・ドーヴェ,ハインリッヒ・ウィルヘルム・ドーヴェ,full
870,ハインリッヒ・シュワーベ,シュワーベ,シュワーベ,family
870,ハインリッヒ・シュワーベ,ハインリッヒ・シュワーベ,ハインリッヒ・シュワーベ,full
871,ハインリッヒ・バルクハウゼン,バルクハウゼン,バルクハウゼン,family
871,ハインリッヒ・バルクハウゼン,ハインリッヒ・バルクハウゼン,ハインリッヒ・バルクハウゼン,full
872,ハインリッヒ・ローラー,ローラー,ローラー,family
872,ハインリッヒ・ローラー,ハインリッヒ・ローラー,ハインリッヒ・ローラー,full
873,ハインリヒ・カイザー,カイザー,カイザー,family
873,ハインリヒ・カイザー,ハインリヒ・カイザー,ハインリヒ・カイザー,full
874,ハインリヒ・グスタフ・マグヌス,マグヌス,マグヌス,family
874,ハインリヒ・グスタフ・マグヌス,ハインリヒ・グスタフ・マグヌス,ハインリヒ・グスタフ・マグヌス,full
875,ハインリヒ・ルーベンス,ルーベンス,ルーベンス,family
875,ハインリヒ・ルーベンス,ハインリヒ・ルーベンス,ハインリヒ・ルーベンス,full
876,ハインリヒ・レンツ,レンツ,レンツ,family
876,ハインリヒ・レンツ,ハインリヒ・レンツ,ハインリヒ・レンツ,full
877,ハビエル・ソラナ,ソラナ,ソラナ,family
877,ハビエル・ソラナ,ハビエル・ソラナ,ハビエル・ソラナ,full
878,ハリー・ダリアン,ダリアン,ダリアン,family
878,ハリー・ダリアン,ハリー・ダリアン,ハリー・ダリアン,full
879,ハリー・ナイキスト,ナイキスト,ナイキスト,family
879,ハリー・ナイキスト,ハリー・ナイキスト,ハリー・ナイキスト,full
880,ハロルド・ブラウン,ブラウン,ブラウン,family
880,ハロルド・ブラウン,ハロルド・ブラウン,ハロルド・ブラウン,full
881,ハロルド・ユーリー,ユーリー,ユーリー,family
881,ハロルド・ユーリー,ハロルド・ユーリー,ハロルド・ユーリー,full
882,ハワード・エイケン,エイケン,エイケン,family
882,ハワード・エイケン,ハワード・エイケン,ハワード・エイケン,full
883,ハワード・ジョージ,ジョージ,ジョージ,family
883,ハワード・ジョージ,ハワード・ジョージ,ハワード・ジョージ,full
884,ハンス・アルベルト・アインシュタイン,アインシュタイン,アインシュタイン,family
884,ハンス・アルベルト・アインシュタイン,ハンス・アルベルト・アインシュタイン,ハンス・アルベルト・アインシュタイン,full
885,ハンス・ガイガー,ガイガー,ガイガー,family
885,ハンス・ガイガー,ハンス・ガイガー,ハンス・ガイガー,full
886,ハンス・クリスティアン・エルステッド,エルステッド,エルステッド,family
886,ハンス・クリスティアン・エルステッド,ハンス・クリスティアン・エルステッド,ハンス・クリスティアン・エルステッド,full
887,ハンス・シュリーゲル,シュリーゲル,シュリーゲル,family
887,ハンス・シュリーゲル,ハンス・シュリーゲル,ハンス・シュリーゲル,full
888,ハンス・フォン・オハイン,オハイン,オハイン,family
888,ハンス・フォン・オハイン,ハンス・フォン・オハイン,ハンス・フォン・オハイン,full
889,ハンス・フロイデンタール,フロイデンタール,フロイデンタール,family
889,ハンス・フロイデンタール,ハンス・フロイデンタール,ハンス・フロイデンタール,full
890,ハンス・ベーテ,ベーテ,ベーテ,family
890,ハンス・ベーテ,ハンス・ベーテ,ハンス・ベーテ,full
891,ハンス・ライヘンバッハ,ライヘンバッハ,ライヘンバッハ,family
891,ハンス・ライヘンバッハ,ハンス・ライヘンバッハ,ハンス・ライヘンバッハ,full
892,ハンス・リッペルハイ,リッペルハイ,リッペルハイ,family
892,ハンス・リッペルハイ,ハンス・リッペルハイ,ハンス・リッペルハイ,full
893,ハンフリー・デービー,デービー,デービー,family
893,ハンフリー・デービー,ハンフリー・デービー,ハンフリー・デービー,full
894,ハーゲン・クライネルト,クライネルト,クライネルト,family
894,ハーゲン・クライネルト,ハーゲン・クライネルト,ハーゲン・クライネルト,full
895,ハータ・エアトン,エアトン,エアトン,family
895,ハータ・エアトン,ハータ・エアトン,ハータ・エアトン,full
896,ハーバート・フリードマン,フリードマン,フリードマン,family
896,ハーバート・フリードマン,ハーバート・フリードマン,ハーバート・フリードマン,full
897,バラバーシ・アルベルト・ラースロー,ラースロー,ラースロー,family
897,バラバーシ・アルベルト・ラースロー,バラバーシ・アルベルト・ラースロー,バラバーシ・アルベルト・ラースロー,full
898,バーンズ・ウォリス,ウォリス,ウォリス,family
898,バーンズ・ウォリス,バーンズ・ウォリス,バーンズ・ウォリス,full
899,パウル・ギュルダン,ギュルダン,ギュルダン,family
899,パウル・ギュルダン,パウル・ギュルダン,パウル・ギュルダン,full
900,パウル・シェラー,シェラー,シェラー,family
900,パウル・シェラー,パウル・シェラー,パウル・シェラー,full
901,パウル・ドルーデ,ドルーデ,ドルーデ,family
901,パウル・ドルーデ,パウル・ドルーデ,パウル・ドルーデ,full
902,パウル・ニプコウ,ニプコウ,ニプコウ,family
902,パウル・ニプコウ,パウル・ニプコウ,パウル・ニプコウ,full
903,パオロ・ジョルダーノ,ジョルダーノ,ジョルダーノ,family
903,パオロ・ジョルダーノ,パオロ・ジョルダーノ,パオロ・ジョルダーノ,full
904,パトリック・ブラケット,ブラケット,ブラケット,family
904,パトリック・ブラケット,パトリック・ブラケット,パトリック・ブラケット,full
905,パヴェル・リヴォヴィチ・シリング,シリング,シリング,family
905,パヴェル・リヴォヴィチ・シリング,パヴェル・リヴォヴィチ・シリング,パヴェル・リヴォヴィチ・シリング,full
906,パーヴェル・フロレンスキイ,フロレンスキイ,フロレンスキイ,family
906,パーヴェル・フロレンスキイ,パーヴェル・フロレンスキイ,パーヴェル・フロレンスキイ,full
907,ビールーニー,ビールーニー,ビールーニー,full
908,ピエール・アゴスティーニ,アゴスティーニ,アゴスティーニ,family
908,ピエール・アゴスティーニ,ピエール・アゴスティーニ,ピエール・アゴスティーニ,full
909,ピエール・オージェ,オージェ,オージェ,family
909,ピエール・オージェ,ピエール・オージェ,ピエール・オージェ,full
910,ピエール・ガッサンディ,ガッサンディ,ガッサンディ,family
910,ピエール・ガッサンディ,ピエール・ガッサンディ,ピエール・ガッサンディ,full
911,ピエール・シャルル・ルモニエ,ルモニエ,ルモニエ,family
911,ピエール・シャルル・ルモニエ,ピエール・シャルル・ルモニエ,ピエール・シャルル・ルモニエ,full
912,ピエール・ジャンサン,ジャンサン,ジャンサン,family
912,ピエール・ジャンサン,ピエール・ジャンサン,ピエール・ジャンサン,full
913,ピエール・デュエム,デュエム,デュエム,family
913,ピエール・デュエム,ピエール・デュエム,ピエール・デュエム,full
914,ピエール・ブーゲ,ブーゲ,ブーゲ,family
914,ピエール・ブーゲ,ピエール・ブーゲ,ピエール・ブーゲ,full
915,ピエール・メシャン,メシャン,メシャン,family
915,ピエール・メシャン,ピエール・メシャン,ピエール・メシャン,full
916,ピエール・ルイ・デュロン,デュロン,デュロン,family
916,ピエール・ルイ・デュロン,ピエール・ルイ・デュロン,ピエール・ルイ・デュロン,full
917,ピエール・ルイ・モーペルテュイ,モーペルテュイ,モーペルテュイ,family
917,ピエール・ルイ・モーペルテュイ,ピエール・ルイ・モーペルテュイ,ピエール・ルイ・モーペルテュイ,full
918,ピエール・ワイス,ワイス,ワイス,family
918,ピエール・ワイス,ピエール・ワイス,ピエール・ワイス,full
919,ピエール・ヴァリニョン,ヴァリニョン,ヴァリニョン,family
919,ピエール・ヴァリニョン,ピエール・ヴァリニョン,ピエール・ヴァリニョン,full
920,ピョートル・レベデフ,レベデフ,レベデフ,family
920,ピョートル・レベデフ,ピョートル・レベデフ,ピョートル・レベデフ,full
921,ピーター・ゴールドレイク,ゴールドレイク,ゴールドレイク,family
921,ピーター・ゴールドレイク,ピーター・ゴールドレイク,ピーター・ゴールドレイク,full
922,ピーター・テイト,テイト,テイト,family
922,ピーター・テイト,ピーター・テイト,ピーター・テイト,full
923,ピーター・バーロー,バーロー,バーロー,family
923,ピーター・バーロー,ピーター・バーロー,ピーター・バーロー,full
924,ピーター・マンスフィールド,マンスフィールド,マンスフィールド,family
924,ピーター・マンスフィールド,ピーター・マンスフィールド,ピーター・マンスフィールド,full
925,ピーテル・ファン・ミュッセンブルーク,ミュッセンブルーク,ミュッセンブルーク,family
925,ピーテル・ファン・ミュッセンブルーク,ピーテル・ファン・ミュッセンブルーク,ピーテル・ファン・ミュッセンブルーク,full
926,ピート・ハイン,ハイン,ハイン,family
926,ピート・ハイン,ピート・ハイン,ピート・ハイン,full
927,ファビオラ・ジャノッティ,ジャノッティ,ジャノッティ,family
927,ファビオラ・ジャノッティ,ファビオラ・ジャノッティ,ファビオラ・ジャノッティ,full
928,ファーラービー,ファーラービー,ファーラービー,full
929,フアン・マルダセナ,マルダセナ,マルダセナ,family
929,フアン・マルダセナ,フアン・マルダセナ,フアン・マルダセナ,full
930,フィリップ・エドゥアール・レオン・ヴァン・ティガン,ティガン,ティガン,family
930,フィリップ・エドゥアール・レオン・ヴァン・ティガン,フィリップ・エドゥアール・レオン・ヴァン・ティガン,フィリップ・エドゥアール・レオン・ヴァン・ティガン,full
931,フィリップ・フランク,フランク,フランク,family
931,フィリップ・フランク,フィリップ・フランク,フィリップ・フランク,full
932,フィリップ・モリソン,モリソン,モリソン,family
932,フィリップ・モリソン,フィリップ・モリソン,フィリップ・モリソン,full
933,フェデリコ・ファジン,ファジン,ファジン,family
933,フェデリコ・ファジン,フェデリコ・ファジン,フェデリコ・ファジン,full
934,フェリックス・クライン,クライン,クライン,family
934,フェリックス・クライン,フェリックス・クライン,フェリックス・クライン,full
935,フェリックス・サヴァール,サヴァール,サヴァール,family
935,フェリックス・サヴァール,フェリックス・サヴァール,フェリックス・サヴァール,full
936,フェルディナント・ライヒ,ライヒ,ライヒ,family
936,フェルディナント・ライヒ,フェルディナント・ライヒ,フェルディナント・ライヒ,full
937,フェレイドゥーン・アバーシー,アバーシー,アバーシー,family
937,フェレイドゥーン・アバーシー,フェレイドゥーン・アバーシー,フェレイドゥーン・アバーシー,full
938,フェレンツ・クラウス,クラウス,クラウス,family
938,フェレンツ・クラウス,フェレンツ・クラウス,フェレンツ・クラウス,full
939,フライムート・ベルンゲン,ベルンゲン,ベルンゲン,family
939,フライムート・ベルンゲン,フライムート・ベルンゲン,フライムート・ベルンゲン,full
940,フランクリン・チャン＝ディアス,ディアス,ディアス,family
940,フランクリン・チャン＝ディアス,フランクリン・チャン＝ディアス,フランクリン・チャン・ディアス,full
941,フランク・ウィグルスワース・クラーク,クラーク,クラーク,family
941,フランク・ウィグルスワース・クラーク,フランク・ウィグルスワース・クラーク,フランク・ウィグルスワース・クラーク,full
942,フランク・エルモア・ロス,ロス,ロス,family
942,フランク・エルモア・ロス,フランク・エルモア・ロス,フランク・エルモア・ロス,full
943,フランク・オッペンハイマー,オッペンハイマー,オッペンハイマー,family
943,フランク・オッペンハイマー,フランク・オッペンハイマー,フランク・オッペンハイマー,full
944,フランク・ティプラー,ティプラー,ティプラー,family
944,フランク・ティプラー,フランク・ティプラー,フランク・ティプラー,full
945,フランシス・アストン,アストン,アストン,family
945,フランシス・アストン,フランシス・アストン,フランシス・アストン,full
946,フランシス・クリック,クリック,クリック,family
946,フランシス・クリック,フランシス・クリック,フランシス・クリック,full
947,フランシス・コリンズ,コリンズ,コリンズ,family
947,フランシス・コリンズ,フランシス・コリンズ,フランシス・コリンズ,full
948,フランシス・スペンス,スペンス,スペンス,family
948,フランシス・スペンス,フランシス・スペンス,フランシス・スペンス,full
949,フランシス・ボーフォート,ボーフォート,ボーフォート,family
949,フランシス・ボーフォート,フランシス・ボーフォート,フランシス・ボーフォート,full
950,フランソワ・アラゴ,アラゴ,アラゴ,family
950,フランソワ・アラゴ,フランソワ・アラゴ,フランソワ・アラゴ,full
951,フランチェスコ・マリア・グリマルディ,グリマルディ,グリマルディ,family
951,フランチェスコ・マリア・グリマルディ,フランチェスコ・マリア・グリマルディ,フランチェスコ・マリア・グリマルディ,full
952,フランツ・エピヌス,エピヌス,エピヌス,family
952,フランツ・エピヌス,フランツ・エピヌス,フランツ・エピヌス,full
953,フランツ・エルンスト・ノイマン,ノイマン,ノイマン,family
953,フランツ・エルンスト・ノイマン,フランツ・エルンスト・ノイマン,フランツ・エルンスト・ノイマン,full
954,フランツ・ザーフェル・フォン・ヴュルフェン,ヴュルフェン,ヴュルフェン,family
954,フランツ・ザーフェル・フォン・ヴュルフェン,フランツ・ザーフェル・フォン・ヴュルフェン,フランツ・ザーフェル・フォン・ヴュルフェン,full
955,フランツ・ボアズ,ボアズ,ボアズ,family
955,フランツ・ボアズ,フランツ・ボアズ,フランツ・ボアズ,full
956,フリッチョフ・カプラ,カプラ,カプラ,family
956,フリッチョフ・カプラ,フリッチョフ・カプラ,フリッチョフ・カプラ,full
957,フリッツ・ツビッキー,ツビッキー,ツビッキー,family
957,フリッツ・ツビッキー,フリッツ・ツビッキー,フリッツ・ツビッキー,full
958,フリッツ・ハーバー,ハーバー,ハーバー,family
958,フリッツ・ハーバー,フリッツ・ハーバー,フリッツ・ハーバー,full
959,フリッツ・プレーグル,プレーグル,プレーグル,family
959,フリッツ・プレーグル,フリッツ・プレーグル,フリッツ・プレーグル,full
960,フリッツ・ロンドン,ロンドン,ロンドン,family
960,フリッツ・ロンドン,フリッツ・ロンドン,フリッツ・ロンドン,full
961,フリードリッヒ・コールラウシュ,コールラウシュ,コールラウシュ,family
961,フリードリッヒ・コールラウシュ,フリードリッヒ・コールラウシュ,フリードリッヒ・コールラウシュ,full
962,フリードリッヒ・フント,フント,フント,family
962,フリードリッヒ・フント,フリードリッヒ・フント,フリードリッヒ・フント,full
963,フリードリッヒ・モース,モース,モース,family
963,フリードリッヒ・モース,フリードリッヒ・モース,フリードリッヒ・モース,full
964,フリードリヒ・アドラー,アドラー,アドラー,family
964,フリードリヒ・アドラー,フリードリヒ・アドラー,フリードリヒ・アドラー,full
965,フリードリヒ・エルンスト・ドルン,ドルン,ドルン,family
965,フリードリヒ・エルンスト・ドルン,フリードリヒ・エルンスト・ドルン,フリードリヒ・エルンスト・ドルン,full
966,フリードリヒ・パルロット,パルロット,パルロット,family
966,フリードリヒ・パルロット,フリードリヒ・パルロット,フリードリヒ・パルロット,full
967,フリードリヒ・ロベルト・ヘルメルト,ヘルメルト,ヘルメルト,family
967,フリードリヒ・ロベルト・ヘルメルト,フリードリヒ・ロベルト・ヘルメルト,フリードリヒ・ロベルト・ヘルメルト,full
968,フリードリヒ・ヴァイスマン,ヴァイスマン,ヴァイスマン,family
968,フリードリヒ・ヴァイスマン,フリードリヒ・ヴァイスマン,フリードリヒ・ヴァイスマン,full
969,フリードリヒ・ヴィルヘルム・ベッセル,ベッセル,ベッセル,family
969,フリードリヒ・ヴィルヘルム・ベッセル,フリードリヒ・ヴィルヘルム・ベッセル,フリードリヒ・ヴィルヘルム・ベッセル,full
970,フリーマン・ダイソン,ダイソン,ダイソン,family
970,フリーマン・ダイソン,フリーマン・ダイソン,フリーマン・ダイソン,full
971,フレデリック・キュヴィエ,キュヴィエ,キュヴィエ,family
971,フレデリック・キュヴィエ,フレデリック・キュヴィエ,フレデリック・キュヴィエ,full
972,フレデリック・ザイツ,ザイツ,ザイツ,family
972,フレデリック・ザイツ,フレデリック・ザイツ,フレデリック・ザイツ,full
973,フレデリック・ソディ,ソディ,ソディ,family
973,フレデリック・ソディ,フレデリック・ソディ,フレデリック・ソディ,full
974,フレデリック・ドナン,ドナン,ドナン,family
974,フレデリック・ドナン,フレデリック・ドナン,フレデリック・ドナン,full
975,フロリアン・カジョリ,カジョリ,カジョリ,family
975,フロリアン・カジョリ,フロリアン・カジョリ,フロリアン・カジョリ,full
976,ブライアン・グリーン,グリーン,グリーン,family
976,ブライアン・グリーン,ブライアン・グリーン,ブライアン・グリーン,full
977,ブライアン・コックス,コックス,コックス,family
977,ブライアン・コックス,ブライアン・コックス,ブライアン・コックス,full
978,ブライアン・コビルカ,コビルカ,コビルカ,family
978,ブライアン・コビルカ,ブライアン・コビルカ,ブライアン・コビルカ,full
979,ブライアン・メイ,メイ,メイ,family
979,ブライアン・メイ,ブライアン・メイ,ブライアン・メイ,full
980,ブライス・ドウィット,ドウィット,ドウィット,family
980,ブライス・ドウィット,ブライス・ドウィット,ブライス・ドウィット,full
981,ブルース・シュナイアー,シュナイアー,シュナイアー,family
981,ブルース・シュナイアー,ブルース・シュナイアー,ブルース・シュナイアー,full
982,ブルーノ・ポンテコルボ,ポンテコルボ,ポンテコルボ,family
982,ブルーノ・ポンテコルボ,ブルーノ・ポンテコルボ,ブルーノ・ポンテコルボ,full
983,ブルーノ・ロッシ,ロッシ,ロッシ,family
983,ブルーノ・ロッシ,ブルーノ・ロッシ,ブルーノ・ロッシ,full
984,プラサンタ・チャンドラ・マハラノビス,マハラノビス,マハラノビス,family
984,プラサンタ・チャンドラ・マハラノビス,プラサンタ・チャンドラ・マハラノビス,プラサンタ・チャンドラ・マハラノビス,full
985,ヘザルフェン・アフメト・チェレビ,チェレビ,チェレビ,family
985,ヘザルフェン・アフメト・チェレビ,ヘザルフェン・アフメト・チェレビ,ヘザルフェン・アフメト・チェレビ,full
986,ヘラクレイトス,ヘラクレイトス,ヘラクレイトス,full
987,ヘルマン・オーベルト,オーベルト,オーベルト,family
987,ヘルマン・オーベルト,ヘルマン・オーベルト,ヘルマン・オーベルト,full
988,ヘルマン・カール・フォーゲル,フォーゲル,フォーゲル,family
988,ヘルマン・カール・フォーゲル,ヘルマン・カール・フォーゲル,ヘルマン・カール・フォーゲル,full
989,ヘルマン・グラスマン,グラスマン,グラスマン,family
989,ヘルマン・グラスマン,ヘルマン・グラスマン,ヘルマン・グラスマン,full
990,ヘルマン・ボンディ,ボンディ,ボンディ,family
990,ヘルマン・ボンディ,ヘルマン・ボンディ,ヘルマン・ボンディ,full
991,ヘルマン・ミンコフスキー,ミンコフスキー,ミンコフスキー,family
991,ヘルマン・ミンコフスキー,ヘルマン・ミンコフスキー,ヘルマン・ミンコフスキー,full
992,ヘルマン・ワイル,ワイル,ワイル,family
992,ヘルマン・ワイル,ヘルマン・ワイル,ヘルマン・ワイル,full
993,ヘルムート・グレトルップ,グレトルップ,グレトルップ,family
993,ヘルムート・グレトルップ,ヘルムート・グレトルップ,ヘルムート・グレトルップ,full
994,ヘレン・クイン,クイン,クイン,family
994,ヘレン・クイン,ヘレン・クイン,ヘレン・クイン,full
995,ヘンドリク・ファン・デ・フルスト,フルスト,フルスト,family
995,ヘンドリク・ファン・デ・フルスト,ヘンドリク・ファン・デ・フルスト,ヘンドリク・ファン・デ・フルスト,full
996,ヘンドリック・カシミール,カシミール,カシミール,family
996,ヘンドリック・カシミール,ヘンドリック・カシミール,ヘンドリック・カシミール,full
997,ヘンリク・アンソニー・クラマース,クラマース,クラマース,family
997,ヘンリク・アンソニー・クラマース,ヘンリク・アンソニー・クラマース,ヘンリク・アンソニー・クラマース,full
998,ヘンリー・ソービー,ソービー,ソービー,family
998,ヘンリー・ソービー,ヘンリー・ソービー,ヘンリー・ソービー,full
999,ヘンリー・ダルシー,ダルシー,ダルシー,family
999,ヘンリー・ダルシー,ヘンリー・ダルシー,ヘンリー・ダルシー,full
1000,ヘンリー・ドレイパー,ドレイパー,ドレイパー,family
1000,ヘンリー・ドレイパー,ヘンリー・ドレイパー,ヘンリー・ドレイパー,full
1001,ヘンリー・ローランド,ローランド,ローランド,family
1001,ヘンリー・ローランド,ヘンリー・ローランド,ヘンリー・ローランド,full
1002,ベノー・グーテンベルグ,グーテンベルグ,グーテンベルグ,family
1002,ベノー・グーテンベルグ,ベノー・グーテンベルグ,ベノー・グーテンベルグ,full
1003,ベルナール・パリッシー,パリッシー,パリッシー,family
1003,ベルナール・パリッシー,ベルナール・パリッシー,ベルナール・パリッシー,full
1004,ベルンハルト・カッツ,カッツ,カッツ,family
1004,ベルンハルト・カッツ,ベルンハルト・カッツ,ベルンハルト・カッツ,full
1005,ベルンハルト・シュミット,シュミット,シュミット,family
1005,ベルンハルト・シュミット,ベルンハルト・シュミット,ベルンハルト・シュミット,full
1006,ベルンハルト・リーマン,リーマン,リーマン,family
1006,ベルンハルト・リーマン,ベルンハルト・リーマン,ベルンハルト・リーマン,full
1007,ベンクト・ストレームグレン,ストレームグレン,ストレームグレン,family
1007,ベンクト・ストレームグレン,ベンクト・ストレームグレン,ベンクト・ストレームグレン,full
1008,ベンジャミン・ウィルソン,ウィルソン,ウィルソン,family
1008,ベンジャミン・ウィルソン,ベンジャミン・ウィルソン,ベンジャミン・ウィルソン,full
1009,ベンジャミン・トンプソン,トンプソン,トンプソン,family
1009,ベンジャミン・トンプソン,ベンジャミン・トンプソン,ベンジャミン・トンプソン,full
1010,ペテル・ボーゲ,ボーゲ,ボーゲ,family
1010,ペテル・ボーゲ,ペテル・ボーゲ,ペテル・ボーゲ,full
1011,ペトルス・ペレグリヌス,ペレグリヌス,ペレグリヌス,family
1011,ペトルス・ペレグリヌス,ペトルス・ペレグリヌス,ペトルス・ペレグリヌス,full
1012,ペトレ・ロマン,ロマン,ロマン,family
1012,ペトレ・ロマン,ペトレ・ロマン,ペトレ・ロマン,full
1013,ホセ・セレスティーノ・ムティス,ムティス,ムティス,family
1013,ホセ・セレスティーノ・ムティス,ホセ・セレスティーノ・ムティス,ホセ・セレスティーノ・ムティス,full
1014,ボリス・ネムツォフ,ネムツォフ,ネムツォフ,family
1014,ボリス・ネムツォフ,ボリス・ネムツォフ,ボリス・ネムツォフ,full
1015,ボリス・ポドリスキー,ポドリスキー,ポドリスキー,family
1015,ボリス・ポドリスキー,ボリス・ポドリスキー,ボリス・ポドリスキー,full
1016,ボリス・ロージング,ロージング,ロージング,family
1016,ボリス・ロージング,ボリス・ロージング,ボリス・ロージング,full
1017,ポセイドニオス,ポセイドニオス,ポセイドニオス,full
1018,ポール・エルー,エルー,エルー,family
1018,ポール・エルー,ポール・エルー,ポール・エルー,full
1019,ポール・スタインハート,スタインハート,スタインハート,family
1019,ポール・スタインハート,ポール・スタインハート,ポール・スタインハート,full
1020,ポール・フローリー,フローリー,フローリー,family
1020,ポール・フローリー,ポール・フローリー,ポール・フローリー,full
1021,ポール・ボアボードラン,ボアボードラン,ボアボードラン,family
1021,ポール・ボアボードラン,ポール・ボアボードラン,ポール・ボアボードラン,full
1022,ポール・ラウターバー,ラウターバー,ラウターバー,family
1022,ポール・ラウターバー,ポール・ラウターバー,ポール・ラウターバー,full
1023,ポール・ラザースフェルド,ラザースフェルド,ラザースフェルド,family
1023,ポール・ラザースフェルド,ポール・ラザースフェルド,ポール・ラザースフェルド,full
1024,マイケル・アンダーソン,アンダーソン,アンダーソン,family
1024,マイケル・アンダーソン,マイケル・アンダーソン,マイケル・アンダーソン,full
1025,マイケル・グリーン,グリーン,グリーン,family
1025,マイケル・グリーン,マイケル・グリーン,マイケル・グリーン,full
1026,マイケル・フィッシャー,フィッシャー,フィッシャー,family
1026,マイケル・フィッシャー,マイケル・フィッシャー,マイケル・フィッシャー,full
1027,マイケル・フォール,フォール,フォール,family
1027,マイケル・フォール,マイケル・フォール,マイケル・フォール,full
1028,マイケル・フリードマン,フリードマン,フリードマン,family
1028,マイケル・フリードマン,マイケル・フリードマン,マイケル・フリードマン,full
1029,マイケル・ベリー,ベリー,ベリー,family
1029,マイケル・ベリー,マイケル・ベリー,マイケル・ベリー,full
1030,マイケル・レヴィット,レヴィット,レヴィット,family
1030,マイケル・レヴィット,マイケル・レヴィット,マイケル・レヴィット,full
1031,マシュー・フォンテーン・モーリー,モーリー,モーリー,family
1031,マシュー・フォンテーン・モーリー,マシュー・フォンテーン・モーリー,マシュー・フォンテーン・モーリー,full
1032,マズラン・オスマン,オスマン,オスマン,family
1032,マズラン・オスマン,マズラン・オスマン,マズラン・オスマン,full
1033,マチュラン・ジャック・ブリソン,ブリソン,ブリソン,family
1033,マチュラン・ジャック・ブリソン,マチュラン・ジャック・ブリソン,マチュラン・ジャック・ブリソン,full
1034,マックス・アブラハム,アブラハム,アブラハム,family
1034,マックス・アブラハム,マックス・アブラハム,マックス・アブラハム,full
1035,マックス・テグマーク,テグマーク,テグマーク,family
1035,マックス・テグマーク,マックス・テグマーク,マックス・テグマーク,full
1036,マックス・デルブリュック,デルブリュック,デルブリュック,family
1036,マックス・デルブリュック,マックス・デルブリュック,マックス・デルブリュック,full
1037,マラン・メルセンヌ,メルセンヌ,メルセンヌ,family
1037,マラン・メルセンヌ,マラン・メルセンヌ,マラン・メルセンヌ,full
1038,マリオ・ブンゲ,ブンゲ,ブンゲ,family
1038,マリオ・ブンゲ,マリオ・ブンゲ,マリオ・ブンゲ,full
1039,マリン・ゲタルディッチ,ゲタルディッチ,ゲタルディッチ,family
1039,マリン・ゲタルディッチ,マリン・ゲタルディッチ,マリン・ゲタルディッチ,full
1040,マリー・アルフレッド・コルニュ,コルニュ,コルニュ,family
1040,マリー・アルフレッド・コルニュ,マリー・アルフレッド・コルニュ,マリー・アルフレッド・コルニュ,full
1041,マルコ・ドミニス,ドミニス,ドミニス,family
1041,マルコ・ドミニス,マルコ・ドミニス,マルコ・ドミニス,full
1042,マルセラン・ベルテロ,ベルテロ,ベルテロ,family
1042,マルセラン・ベルテロ,マルセラン・ベルテロ,マルセラン・ベルテロ,full
1043,マルセル・ミンナルト,ミンナルト,ミンナルト,family
1043,マルセル・ミンナルト,マルセル・ミンナルト,マルセル・ミンナルト,full
1044,マルティン・クヌーセン,クヌーセン,クヌーセン,family
1044,マルティン・クヌーセン,マルティン・クヌーセン,マルティン・クヌーセン,full
1045,マンフレート・アイゲン,アイゲン,アイゲン,family
1045,マンフレート・アイゲン,マンフレート・アイゲン,マンフレート・アイゲン,full
1046,マンフレート・フォン・アルデンヌ,アルデンヌ,アルデンヌ,family
1046,マンフレート・フォン・アルデンヌ,マンフレート・フォン・アルデンヌ,マンフレート・フォン・アルデンヌ,full
1047,マーガレット・キャヴェンディッシュ,キャヴェンディッシュ,キャヴェンディッシュ,family
1047,マーガレット・キャヴェンディッシュ,マーガレット・キャヴェンディッシュ,マーガレット・キャヴェンディッシュ,full
1048,マーガレット・リンジー・ハギンズ,ハギンズ,ハギンズ,family
1048,マーガレット・リンジー・ハギンズ,マーガレット・リンジー・ハギンズ,マーガレット・リンジー・ハギンズ,full
1049,マーク・オリファント,オリファント,オリファント,family
1049,マーク・オリファント,マーク・オリファント,マーク・オリファント,full
1050,マーチン・ローリー,ローリー,ローリー,family
1050,マーチン・ローリー,マーチン・ローリー,マーチン・ローリー,full
1051,マーティン・シュヴァルツシルト,シュヴァルツシルト,シュヴァルツシルト,family
1051,マーティン・シュヴァルツシルト,マーティン・シュヴァルツシルト,マーティン・シュヴァルツシルト,full
1052,マーティン・リース,リース,リース,family
1052,マーティン・リース,マーティン・リース,マーティン・リース,full
1053,ミカエル・ピューピン,ピューピン,ピューピン,family
1053,ミカエル・ピューピン,ミカエル・ピューピン,ミカエル・ピューピン,full
1054,ミシェル・シャール,シャール,シャール,family
1054,ミシェル・シャール,ミシェル・シャール,ミシェル・シャール,full
1055,ミシェル・デヴォレ,デヴォレ,デヴォレ,family
1055,ミシェル・デヴォレ,ミシェル・デヴォレ,ミシェル・デヴォレ,full
1056,ミシェル＝ウジェーヌ・シュヴルール,シュヴルール,シュヴルール,family
1056,ミシェル＝ウジェーヌ・シュヴルール,ミシェル＝ウジェーヌ・シュヴルール,ミシェル・ウジェーヌ・シュヴルール,full
1057,ミチオ・カク,カク,カク,family
1057,ミチオ・カク,ミチオ・カク,ミチオ・カク,full
1058,ミッチェル・ファイゲンバウム,ファイゲンバウム,ファイゲンバウム,family
1058,ミッチェル・ファイゲンバウム,ミッチェル・ファイゲンバウム,ミッチェル・ファイゲンバウム,full
1059,ミハイル・オストログラツキー,オストログラツキー,オストログラツキー,family
1059,ミハイル・オストログラツキー,ミハイル・オストログラツキー,ミハイル・オストログラツキー,full
1060,ミハイル・ドリヴォ＝ドブロヴォルスキー,ドブロヴォルスキー,ドブロヴォルスキー,family
1060,ミハイル・ドリヴォ＝ドブロヴォルスキー,ミハイル・ドリヴォ＝ドブロヴォルスキー,ミハイル・ドリヴォ・ドブロヴォルスキー,full
1061,ミハイル・ロモノーソフ,ロモノーソフ,ロモノーソフ,family
1061,ミハイル・ロモノーソフ,ミハイル・ロモノーソフ,ミハイル・ロモノーソフ,full
1062,ミルティン・ミランコビッチ,ミランコビッチ,ミランコビッチ,family
1062,ミルティン・ミランコビッチ,ミルティン・ミランコビッチ,ミルティン・ミランコビッチ,full
1063,ミルドレッド・ドレッセルハウス,ドレッセルハウス,ドレッセルハウス,family
1063,ミルドレッド・ドレッセルハウス,ミルドレッド・ドレッセルハウス,ミルドレッド・ドレッセルハウス,full
1064,ミレヴァ・マリッチ,マリッチ,マリッチ,family
1064,ミレヴァ・マリッチ,ミレヴァ・マリッチ,ミレヴァ・マリッチ,full
1065,ムスチスラフ・ケルディシュ,ケルディシュ,ケルディシュ,family
1065,ムスチスラフ・ケルディシュ,ムスチスラフ・ケルディシュ,ムスチスラフ・ケルディシュ,full
1066,メアリー・サマヴィル,サマヴィル,サマヴィル,family
1066,メアリー・サマヴィル,メアリー・サマヴィル,メアリー・サマヴィル,full
1067,メイ・ジェミソン,ジェミソン,ジェミソン,family
1067,メイ・ジェミソン,メイ・ジェミソン,メイ・ジェミソン,full
1068,メーグナード・サーハー,サーハー,サーハー,family
1068,メーグナード・サーハー,メーグナード・サーハー,メーグナード・サーハー,full
1069,モスタファー・チャムラーン,チャムラーン,チャムラーン,family
1069,モスタファー・チャムラーン,モスタファー・チャムラーン,モスタファー・チャムラーン,full
1070,モーシェ・フェルデンクライス,フェルデンクライス,フェルデンクライス,family
1070,モーシェ・フェルデンクライス,モーシェ・フェルデンクライス,モーシェ・フェルデンクライス,full
1071,モーリス・アレ,アレ,アレ,family
1071,モーリス・アレ,モーリス・アレ,モーリス・アレ,full
1072,モーリス・ウィルキンス,ウィルキンス,ウィルキンス,family
1072,モーリス・ウィルキンス,モーリス・ウィルキンス,モーリス・ウィルキンス,full
1073,モーリス・ウィルクス,ウィルクス,ウィルクス,family
1073,モーリス・ウィルクス,モーリス・ウィルクス,モーリス・ウィルクス,full
1074,モーリス・カルノー,カルノー,カルノー,family
1074,モーリス・カルノー,モーリス・カルノー,モーリス・カルノー,full
1075,モーリス・ド・ブロイ,ブロイ,ブロイ,family
1075,モーリス・ド・ブロイ,モーリス・ド・ブロイ,モーリス・ド・ブロイ,full
1076,モーリッツ・シュリック,シュリック,シュリック,family
1076,モーリッツ・シュリック,モーリッツ・シュリック,モーリッツ・シュリック,full
1077,モーリッツ・フォン・ヤコビ,ヤコビ,ヤコビ,family
1077,モーリッツ・フォン・ヤコビ,モーリッツ・フォン・ヤコビ,モーリッツ・フォン・ヤコビ,full
1078,ヤキール・アハラノフ,アハラノフ,アハラノフ,family
1078,ヤキール・アハラノフ,ヤキール・アハラノフ,ヤキール・アハラノフ,full
1079,ヤコフ・シナイ,シナイ,シナイ,family
1079,ヤコフ・シナイ,ヤコフ・シナイ,ヤコフ・シナイ,full
1080,ヤコブス・カプタイン,カプタイン,カプタイン,family
1080,ヤコブス・カプタイン,ヤコブス・カプタイン,ヤコブス・カプタイン,full
1081,ヤコブス・ヘンリクス・ファント・ホッフ,ホッフ,ホッフ,family
1081,ヤコブス・ヘンリクス・ファント・ホッフ,ヤコブス・ヘンリクス・ファント・ホッフ,ヤコブス・ヘンリクス・ファント・ホッフ,full
1082,ヤコブ・フレンケル,フレンケル,フレンケル,family
1082,ヤコブ・フレンケル,ヤコブ・フレンケル,ヤコブ・フレンケル,full
1083,ヤコブ・ベルヌーイ,ベルヌーイ,ベルヌーイ,family
1083,ヤコブ・ベルヌーイ,ヤコブ・ベルヌーイ,ヤコブ・ベルヌーイ,full
1084,ヤコブ・ペレルマン,ペレルマン,ペレルマン,family
1084,ヤコブ・ペレルマン,ヤコブ・ペレルマン,ヤコブ・ペレルマン,full
1085,ヤロスラフ・ヘイロフスキー,ヘイロフスキー,ヘイロフスキー,family
1085,ヤロスラフ・ヘイロフスキー,ヤロスラフ・ヘイロフスキー,ヤロスラフ・ヘイロフスキー,full
1086,ヤン・インゲンホウス,インゲンホウス,インゲンホウス,family
1086,ヤン・インゲンホウス,ヤン・インゲンホウス,ヤン・インゲンホウス,full
1087,ヤン・オールト,オールト,オールト,family
1087,ヤン・オールト,ヤン・オールト,ヤン・オールト,full
1088,ヤン・バーガース,バーガース,バーガース,family
1088,ヤン・バーガース,ヤン・バーガース,ヤン・バーガース,full
1089,ヤン・ファン・ヘルモント,ヘルモント,ヘルモント,family
1089,ヤン・ファン・ヘルモント,ヤン・ファン・ヘルモント,ヤン・ファン・ヘルモント,full
1090,ヤーコフ・ゼルドビッチ,ゼルドビッチ,ゼルドビッチ,family
1090,ヤーコフ・ゼルドビッチ,ヤーコフ・ゼルドビッチ,ヤーコフ・ゼルドビッチ,full
1091,ヤーラ・チムルマン,チムルマン,チムルマン,family
1091,ヤーラ・チムルマン,ヤーラ・チムルマン,ヤーラ・チムルマン,full
1092,ユリウス・エドガー・リリエンフェルト,リリエンフェルト,リリエンフェルト,family
1092,ユリウス・エドガー・リリエンフェルト,ユリウス・エドガー・リリエンフェルト,ユリウス・エドガー・リリエンフェルト,full
1093,ユリウス・プリュッカー,プリュッカー,プリュッカー,family
1093,ユリウス・プリュッカー,ユリウス・プリュッカー,ユリウス・プリュッカー,full
1094,ユルィヨ・バイサラ,バイサラ,バイサラ,family
1094,ユルィヨ・バイサラ,ユルィヨ・バイサラ,ユルィヨ・バイサラ,full
1095,ユルゲン・エーラス,エーラス,エーラス,family
1095,ユルゲン・エーラス,ユルゲン・エーラス,ユルゲン・エーラス,full
1096,ユヴァル・ネーマン,ネーマン,ネーマン,family
1096,ユヴァル・ネーマン,ユヴァル・ネーマン,ユヴァル・ネーマン,full
1097,ユージン・ニューマン・パーカー,パーカー,パーカー,family
1097,ユージン・ニューマン・パーカー,ユージン・ニューマン・パーカー,ユージン・ニューマン・パーカー,full
1098,ユーリイ・オガネシアン,オガネシアン,オガネシアン,family
1098,ユーリイ・オガネシアン,ユーリイ・オガネシアン,ユーリイ・オガネシアン,full
1099,ユーリイ・コンドラチュク,コンドラチュク,コンドラチュク,family
1099,ユーリイ・コンドラチュク,ユーリイ・コンドラチュク,ユーリイ・コンドラチュク,full
1100,ユーリ・ハリトン,ハリトン,ハリトン,family
1100,ユーリ・ハリトン,ユーリ・ハリトン,ユーリ・ハリトン,full
1101,ユーリ・マニン,マニン,マニン,family
1101,ユーリ・マニン,ユーリ・マニン,ユーリ・マニン,full
1102,ユーリ・ミルナー,ミルナー,ミルナー,family
1102,ユーリ・ミルナー,ユーリ・ミルナー,ユーリ・ミルナー,full
1103,ヨハネス・ニコラウス・テーテンス,テーテンス,テーテンス,family
1103,ヨハネス・ニコラウス・テーテンス,ヨハネス・ニコラウス・テーテンス,ヨハネス・ニコラウス・テーテンス,full
1104,ヨハネス・ハルトマン,ハルトマン,ハルトマン,family
1104,ヨハネス・ハルトマン,ヨハネス・ハルトマン,ヨハネス・ハルトマン,full
1105,ヨハネス・ピロポノス,ピロポノス,ピロポノス,family
1105,ヨハネス・ピロポノス,ヨハネス・ピロポノス,ヨハネス・ピロポノス,full
1106,ヨハネス・リュードベリ,リュードベリ,リュードベリ,family
1106,ヨハネス・リュードベリ,ヨハネス・リュードベリ,ヨハネス・リュードベリ,full
1107,ヨハンス・ブレンステッド,ブレンステッド,ブレンステッド,family
1107,ヨハンス・ブレンステッド,ヨハンス・ブレンステッド,ヨハンス・ブレンステッド,full
1108,ヨハン・ガドリン,ガドリン,ガドリン,family
1108,ヨハン・ガドリン,ヨハン・ガドリン,ヨハン・ガドリン,full
1109,ヨハン・ダイゼンホーファー,ダイゼンホーファー,ダイゼンホーファー,family
1109,ヨハン・ダイゼンホーファー,ヨハン・ダイゼンホーファー,ヨハン・ダイゼンホーファー,full
1110,ヨハン・ティティウス,ティティウス,ティティウス,family
1110,ヨハン・ティティウス,ヨハン・ティティウス,ヨハン・ティティウス,full
1111,ヨハン・ハインリヒ・シュルツェ,シュルツェ,シュルツェ,family
1111,ヨハン・ハインリヒ・シュルツェ,ヨハン・ハインリヒ・シュルツェ,ヨハン・ハインリヒ・シュルツェ,full
1112,ヨハン・ハインリヒ・ランベルト,ランベルト,ランベルト,family
1112,ヨハン・ハインリヒ・ランベルト,ヨハン・ハインリヒ・ランベルト,ヨハン・ハインリヒ・ランベルト,full
1113,ヨハン・フィリップ・ライス,ライス,ライス,family
1113,ヨハン・フィリップ・ライス,ヨハン・フィリップ・ライス,ヨハン・フィリップ・ライス,full
1114,ヨハン・フォン・ラモント,ラモント,ラモント,family
1114,ヨハン・フォン・ラモント,ヨハン・フォン・ラモント,ヨハン・フォン・ラモント,full
1115,ヨハン・ベネディクト・リスティング,リスティング,リスティング,family
1115,ヨハン・ベネディクト・リスティング,ヨハン・ベネディクト・リスティング,ヨハン・ベネディクト・リスティング,full
1116,ヨハン・ベルヌーイ,ベルヌーイ,ベルヌーイ,family
1116,ヨハン・ベルヌーイ,ヨハン・ベルヌーイ,ヨハン・ベルヌーイ,full
1117,ヨハン・ヤコブ・バルマー,バルマー,バルマー,family
1117,ヨハン・ヤコブ・バルマー,ヨハン・ヤコブ・バルマー,ヨハン・ヤコブ・バルマー,full
1118,ヨハン・ヤーコブ・ショイヒツァー,ショイヒツァー,ショイヒツァー,family
1118,ヨハン・ヤーコブ・ショイヒツァー,ヨハン・ヤーコブ・ショイヒツァー,ヨハン・ヤーコブ・ショイヒツァー,full
1119,ヨハン・ライデンフロスト,ライデンフロスト,ライデンフロスト,family
1119,ヨハン・ライデンフロスト,ヨハン・ライデンフロスト,ヨハン・ライデンフロスト,full
1120,ヨハン・ヴォルフガング・フォン・ゲーテ,ゲーテ,ゲーテ,family
1120,ヨハン・ヴォルフガング・フォン・ゲーテ,ヨハン・ヴォルフガング・フォン・ゲーテ,ヨハン・ヴォルフガング・フォン・ゲーテ,full
1121,ヨーゼフ・シュテファン,シュテファン,シュテファン,family
1121,ヨーゼフ・シュテファン,ヨーゼフ・シュテファン,ヨーゼフ・シュテファン,full
1122,ライナス・ポーリング,ポーリング,ポーリング,family
1122,ライナス・ポーリング,ライナス・ポーリング,ライナス・ポーリング,full
1123,ライナー・ハーゼロフ,ハーゼロフ,ハーゼロフ,family
1123,ライナー・ハーゼロフ,ライナー・ハーゼロフ,ライナー・ハーゼロフ,full
1124,ライマン・スピッツァー,スピッツァー,スピッツァー,family
1124,ライマン・スピッツァー,ライマン・スピッツァー,ライマン・スピッツァー,full
1125,ラインホルト・エヴァルト,エヴァルト,エヴァルト,family
1125,ラインホルト・エヴァルト,ラインホルト・エヴァルト,ラインホルト・エヴァルト,full
1126,ラウル・ボット,ボット,ボット,family
1126,ラウル・ボット,ラウル・ボット,ラウル・ボット,full
1127,ラウール・ピクテ,ピクテ,ピクテ,family
1127,ラウール・ピクテ,ラウール・ピクテ,ラウール・ピクテ,full
1128,ラカトシュ・イムレ,イムレ,イムレ,family
1128,ラカトシュ・イムレ,ラカトシュ・イムレ,ラカトシュ・イムレ,full
1129,ラザロ・スパランツァーニ,スパランツァーニ,スパランツァーニ,family
1129,ラザロ・スパランツァーニ,ラザロ・スパランツァーニ,ラザロ・スパランツァーニ,full
1130,ラザール・カルノー,カルノー,カルノー,family
1130,ラザール・カルノー,ラザール・カルノー,ラザール・カルノー,full
1131,ラシード・スニャーエフ,スニャーエフ,スニャーエフ,family
1131,ラシード・スニャーエフ,ラシード・スニャーエフ,ラシード・スニャーエフ,full
1132,ラスムス・バルトリン,バルトリン,バルトリン,family
1132,ラスムス・バルトリン,ラスムス・バルトリン,ラスムス・バルトリン,full
1133,ラルフ・アルファー,アルファー,アルファー,family
1133,ラルフ・アルファー,ラルフ・アルファー,ラルフ・アルファー,full
1134,ラージナート・シン,シン,シン,family
1134,ラージナート・シン,ラージナート・シン,ラージナート・シン,full
1135,リサ・ランドール,ランドール,ランドール,family
1135,リサ・ランドール,リサ・ランドール,リサ・ランドール,full
1136,リチャード・トルマン,トルマン,トルマン,family
1136,リチャード・トルマン,リチャード・トルマン,リチャード・トルマン,full
1137,リヒャルト・アベッグ,アベッグ,アベッグ,family
1137,リヒャルト・アベッグ,リヒャルト・アベッグ,リヒャルト・アベッグ,full
1138,リヒャルト・クーラント,クーラント,クーラント,family
1138,リヒャルト・クーラント,リヒャルト・クーラント,リヒャルト・クーラント,full
1139,リヒャルト・ジグモンディ,ジグモンディ,ジグモンディ,family
1139,リヒャルト・ジグモンディ,リヒャルト・ジグモンディ,リヒャルト・ジグモンディ,full
1140,リヒャルト・フォン・ミーゼス,ミーゼス,ミーゼス,family
1140,リヒャルト・フォン・ミーゼス,リヒャルト・フォン・ミーゼス,リヒャルト・フォン・ミーゼス,full
1141,リー・スモーリン,スモーリン,スモーリン,family
1141,リー・スモーリン,リー・スモーリン,リー・スモーリン,full
1142,リー・ド・フォレスト,フォレスト,フォレスト,family
1142,リー・ド・フォレスト,リー・ド・フォレスト,リー・ド・フォレスト,full
1143,ルイス・ウォルター・アルヴァレズ,アルヴァレズ,アルヴァレズ,family
1143,ルイス・ウォルター・アルヴァレズ,ルイス・ウォルター・アルヴァレズ,ルイス・ウォルター・アルヴァレズ,full
1144,ルイス・スローティン,スローティン,スローティン,family
1144,ルイス・スローティン,ルイス・スローティン,ルイス・スローティン,full
1145,ルイス・ハロルド・グレイ,グレイ,グレイ,family
1145,ルイス・ハロルド・グレイ,ルイス・ハロルド・グレイ,ルイス・ハロルド・グレイ,full
1146,ルイス・フライ・リチャードソン,リチャードソン,リチャードソン,family
1146,ルイス・フライ・リチャードソン,ルイス・フライ・リチャードソン,ルイス・フライ・リチャードソン,full
1147,ルイ・ブラス,ブラス,ブラス,family
1147,ルイ・ブラス,ルイ・ブラス,ルイ・ブラス,full
1148,ルイ・ポワンソ,ポワンソ,ポワンソ,family
1148,ルイ・ポワンソ,ルイ・ポワンソ,ルイ・ポワンソ,full
1149,ルイ・ポール・カイユテ,カイユテ,カイユテ,family
1149,ルイ・ポール・カイユテ,ルイ・ポール・カイユテ,ルイ・ポール・カイユテ,full
1150,ルイ・ルロワール,ルロワール,ルロワール,family
1150,ルイ・ルロワール,ルイ・ルロワール,ルイ・ルロワール,full
1151,ルジェル・ヨシプ・ボスコヴィッチ,ボスコヴィッチ,ボスコヴィッチ,family
1151,ルジェル・ヨシプ・ボスコヴィッチ,ルジェル・ヨシプ・ボスコヴィッチ,ルジェル・ヨシプ・ボスコヴィッチ,full
1152,ルドルフ・ミンコフスキー,ミンコフスキー,ミンコフスキー,family
1152,ルドルフ・ミンコフスキー,ルドルフ・ミンコフスキー,ルドルフ・ミンコフスキー,full
1153,ルネ・レオミュール,レオミュール,レオミュール,family
1153,ルネ・レオミュール,ルネ・レオミュール,ルネ・レオミュール,full
1154,ルネ＝ジュスト・アユイ,アユイ,アユイ,family
1154,ルネ＝ジュスト・アユイ,ルネ＝ジュスト・アユイ,ルネ・ジュスト・アユイ,full
1155,ルードヴィヒ・ローレンツ,ローレンツ,ローレンツ,family
1155,ルードヴィヒ・ローレンツ,ルードヴィヒ・ローレンツ,ルードヴィヒ・ローレンツ,full
1156,レイモンド・ダマディアン,ダマディアン,ダマディアン,family
1156,レイモンド・ダマディアン,レイモンド・ダマディアン,レイモンド・ダマディアン,full
1157,レイモンド・デイビス,デイビス,デイビス,family
1157,レイモンド・デイビス,レイモンド・デイビス,レイモンド・デイビス,full
1158,レウキッポス,レウキッポス,レウキッポス,full
1159,レオナルド・サスキンド,サスキンド,サスキンド,family
1159,レオナルド・サスキンド,レオナルド・サスキンド,レオナルド・サスキンド,full
1160,レオナルド・ダ・ヴィンチ,ヴィンチ,ヴィンチ,family
1160,レオナルド・ダ・ヴィンチ,レオナルド・ダ・ヴィンチ,レオナルド・ダ・ヴィンチ,full
1161,レオノール・ミカエリス,ミカエリス,ミカエリス,family
1161,レオノール・ミカエリス,レオノール・ミカエリス,レオノール・ミカエリス,full
1162,レオポルト・インフェルト,インフェルト,インフェルト,family
1162,レオポルト・インフェルト,レオポルト・インフェルト,レオポルト・インフェルト,full
1163,レオン・ブリルアン,ブリルアン,ブリルアン,family
1163,レオン・ブリルアン,レオン・ブリルアン,レオン・ブリルアン,full
1164,レオ・カダノフ,カダノフ,カダノフ,family
1164,レオ・カダノフ,レオ・カダノフ,レオ・カダノフ,full
1165,レオ・シラード,シラード,シラード,family
1165,レオ・シラード,レオ・シラード,レオ・シラード,full
1166,レジナルド・フェッセンデン,フェッセンデン,フェッセンデン,family
1166,レジナルド・フェッセンデン,レジナルド・フェッセンデン,レジナルド・フェッセンデン,full
1167,レスター・ガーマー,ガーマー,ガーマー,family
1167,レスター・ガーマー,レスター・ガーマー,レスター・ガーマー,full
1168,レックス・ルーサー,ルーサー,ルーサー,family
1168,レックス・ルーサー,レックス・ルーサー,レックス・ルーサー,full
1169,レネ・ハウ,ハウ,ハウ,family
1169,レネ・ハウ,レネ・ハウ,レネ・ハウ,full
1170,レフ・テルミン,テルミン,テルミン,family
1170,レフ・テルミン,レフ・テルミン,レフ・テルミン,full
1171,レンベルト・ドドエンス,ドドエンス,ドドエンス,family
1171,レンベルト・ドドエンス,レンベルト・ドドエンス,レンベルト・ドドエンス,full
1172,ロイ・カー,カー,カー,family
1172,ロイ・カー,ロイ・カー,ロイ・カー,full
1173,ロサリン・ヤロー,ヤロー,ヤロー,family
1173,ロサリン・ヤロー,ロサリン・ヤロー,ロサリン・ヤロー,full
1174,ロザリンド・フランクリン,フランクリン,フランクリン,family
1174,ロザリンド・フランクリン,ロザリンド・フランクリン,ロザリンド・フランクリン,full
1175,ロジャー・コーツ,コーツ,コーツ,family
1175,ロジャー・コーツ,ロジャー・コーツ,ロジャー・コーツ,full
1176,ロジャー・ベーコン,ベーコン,ベーコン,family
1176,ロジャー・ベーコン,ロジャー・ベーコン,ロジャー・ベーコン,full
1177,ロジャー・ペンローズ,ペンローズ,ペンローズ,family
1177,ロジャー・ペンローズ,ロジャー・ペンローズ,ロジャー・ペンローズ,full
1178,ロナルド・マクネイア,マクネイア,マクネイア,family
1178,ロナルド・マクネイア,ロナルド・マクネイア,ロナルド・マクネイア,full
1179,ロバート・アドラー,アドラー,アドラー,family
1179,ロバート・アドラー,ロバート・アドラー,ロバート・アドラー,full
1180,ロバート・ウッドロウ・ウィルソン,ウィルソン,ウィルソン,family
1180,ロバート・ウッドロウ・ウィルソン,ロバート・ウッドロウ・ウィルソン,ロバート・ウッドロウ・ウィルソン,full
1181,ロバート・エッチンガー,エッチンガー,エッチンガー,family
1181,ロバート・エッチンガー,ロバート・エッチンガー,ロバート・エッチンガー,full
1182,ロバート・グロステスト,グロステスト,グロステスト,family
1182,ロバート・グロステスト,ロバート・グロステスト,ロバート・グロステスト,full
1183,ロバート・ゴダード,ゴダード,ゴダード,family
1183,ロバート・ゴダード,ロバート・ゴダード,ロバート・ゴダード,full
1184,ロバート・サーバー,サーバー,サーバー,family
1184,ロバート・サーバー,ロバート・サーバー,ロバート・サーバー,full
1185,ロバート・ジェミソン・ヴァン・デ・グラフ,グラフ,グラフ,family
1185,ロバート・ジェミソン・ヴァン・デ・グラフ,ロバート・ジェミソン・ヴァン・デ・グラフ,ロバート・ジェミソン・ヴァン・デ・グラフ,full
1186,ロバート・ノイス,ノイス,ノイス,family
1186,ロバート・ノイス,ロバート・ノイス,ロバート・ノイス,full
1187,ロバート・バッチャー,バッチャー,バッチャー,family
1187,ロバート・バッチャー,ロバート・バッチャー,ロバート・バッチャー,full
1188,ロバート・フラッド,フラッド,フラッド,family
1188,ロバート・フラッド,ロバート・フラッド,ロバート・フラッド,full
1189,ロバート・マリケン,マリケン,マリケン,family
1189,ロバート・マリケン,ロバート・マリケン,ロバート・マリケン,full
1190,ロバート・マーシャク,マーシャク,マーシャク,family
1190,ロバート・マーシャク,ロバート・マーシャク,ロバート・マーシャク,full
1191,ロバート・ミルズ,ミルズ,ミルズ,family
1191,ロバート・ミルズ,ロバート・ミルズ,ロバート・ミルズ,full
1192,ロバート・メイ,メイ,メイ,family
1192,ロバート・メイ,ロバート・メイ,ロバート・メイ,full
1193,ロバート・ラスバン・ウィルソン,ウィルソン,ウィルソン,family
1193,ロバート・ラスバン・ウィルソン,ロバート・ラスバン・ウィルソン,ロバート・ラスバン・ウィルソン,full
1194,ロバート・ラングランズ,ラングランズ,ラングランズ,family
1194,ロバート・ラングランズ,ロバート・ラングランズ,ロバート・ラングランズ,full
1195,ロバート・ワトソン＝ワット,ワット,ワット,family
1195,ロバート・ワトソン＝ワット,ロバート・ワトソン＝ワット,ロバート・ワトソン・ワット,full
1196,ロベルト・ブンゼン,ブンゼン,ブンゼン,family
1196,ロベルト・ブンゼン,ロベルト・ブンゼン,ロベルト・ブンゼン,full
1197,ロルフ・マキシミリアン・シーベルト,シーベルト,シーベルト,family
1197,ロルフ・マキシミリアン・シーベルト,ロルフ・マキシミリアン・シーベルト,ロルフ・マキシミリアン・シーベルト,full
1198,ロレンツォ・マスケローニ,マスケローニ,マスケローニ,family
1198,ロレンツォ・マスケローニ,ロレンツォ・マスケローニ,ロレンツォ・マスケローニ,full
1199,ローラン・カセグレン,カセグレン,カセグレン,family
1199,ローラン・カセグレン,ローラン・カセグレン,ローラン・カセグレン,full
1200,ワルター・コッセル,コッセル,コッセル,family
1200,ワルター・コッセル,ワルター・コッセル,ワルター・コッセル,full
1201,ワロッディ・ワイブル,ワイブル,ワイブル,family
1201,ワロッディ・ワイブル,ワロッディ・ワイブル,ワロッディ・ワイブル,full
1202,ヴァルター・ゲルラッハ,ゲルラッハ,ゲルラッハ,family
1202,ヴァルター・ゲルラッハ,ヴァルター・ゲルラッハ,ヴァルター・ゲルラッハ,full
1203,ヴァルター・ショットキー,ショットキー,ショットキー,family
1203,ヴァルター・ショットキー,ヴァルター・ショットキー,ヴァルター・ショットキー,full
1204,ヴァルター・ドルンベルガー,ドルンベルガー,ドルンベルガー,family
1204,ヴァルター・ドルンベルガー,ヴァルター・ドルンベルガー,ヴァルター・ドルンベルガー,full
1205,ヴァルター・ネルンスト,ネルンスト,ネルンスト,family
1205,ヴァルター・ネルンスト,ヴァルター・ネルンスト,ヴァルター・ネルンスト,full
1206,ヴァルター・マイスナー,マイスナー,マイスナー,family
1206,ヴァルター・マイスナー,ヴァルター・マイスナー,ヴァルター・マイスナー,full
1207,ヴァルター・ミュラー,ミュラー,ミュラー,family
1207,ヴァルター・ミュラー,ヴァルター・ミュラー,ヴァルター・ミュラー,full
1208,ヴァルター・リッツ,リッツ,リッツ,family
1208,ヴァルター・リッツ,ヴァルター・リッツ,ヴァルター・リッツ,full
1209,ヴァルディス・ドンブロウスキス,ドンブロウスキス,ドンブロウスキス,family
1209,ヴァルディス・ドンブロウスキス,ヴァルディス・ドンブロウスキス,ヴァルディス・ドンブロウスキス,full
1210,ヴァレリー・レガソフ,レガソフ,レガソフ,family
1210,ヴァレリー・レガソフ,ヴァレリー・レガソフ,ヴァレリー・レガソフ,full
1211,ヴァレンティン・グルシュコ,グルシュコ,グルシュコ,family
1211,ヴァレンティン・グルシュコ,ヴァレンティン・グルシュコ,ヴァレンティン・グルシュコ,full
1212,ヴァレンティン・チャウシェスク,チャウシェスク,チャウシェスク,family
1212,ヴァレンティン・チャウシェスク,ヴァレンティン・チャウシェスク,ヴァレンティン・チャウシェスク,full
1213,ヴァンダナ・シヴァ,シヴァ,シヴァ,family
1213,ヴァンダナ・シヴァ,ヴァンダナ・シヴァ,ヴァンダナ・シヴァ,full
1214,ヴァン・ヴァルフリート・エクマン,エクマン,エクマン,family
1214,ヴァン・ヴァルフリート・エクマン,ヴァン・ヴァルフリート・エクマン,ヴァン・ヴァルフリート・エクマン,full
1215,ヴィクター・ワイスコフ,ワイスコフ,ワイスコフ,family
1215,ヴィクター・ワイスコフ,ヴィクター・ワイスコフ,ヴィクター・ワイスコフ,full
1216,ヴィクトリア・カスピ,カスピ,カスピ,family
1216,ヴィクトリア・カスピ,ヴィクトリア・カスピ,ヴィクトリア・カスピ,full
1217,ヴィクトール・フランツ・ヘス,ヘス,ヘス,family
1217,ヴィクトール・フランツ・ヘス,ヴィクトール・フランツ・ヘス,ヴィクトール・フランツ・ヘス,full
1218,ヴィト・ヴォルテラ,ヴォルテラ,ヴォルテラ,family
1218,ヴィト・ヴォルテラ,ヴィト・ヴォルテラ,ヴィト・ヴォルテラ,full
1219,ヴィルヘルム・オストヴァルト,オストヴァルト,オストヴァルト,family
1219,ヴィルヘルム・オストヴァルト,ヴィルヘルム・オストヴァルト,ヴィルヘルム・オストヴァルト,full
1220,ヴィルヘルム・オルバース,オルバース,オルバース,family
1220,ヴィルヘルム・オルバース,ヴィルヘルム・オルバース,ヴィルヘルム・オルバース,full
1221,ヴィルヘルム・ビヤークネス,ビヤークネス,ビヤークネス,family
1221,ヴィルヘルム・ビヤークネス,ヴィルヘルム・ビヤークネス,ヴィルヘルム・ビヤークネス,full
1222,ヴィルヘルム・フェルスター,フェルスター,フェルスター,family
1222,ヴィルヘルム・フェルスター,ヴィルヘルム・フェルスター,ヴィルヘルム・フェルスター,full
1223,ヴィルヘルム・ヴェーバー,ヴェーバー,ヴェーバー,family
1223,ヴィルヘルム・ヴェーバー,ヴィルヘルム・ヴェーバー,ヴィルヘルム・ヴェーバー,full
1224,ヴィレブロルト・スネル,スネル,スネル,family
1224,ヴィレブロルト・スネル,ヴィレブロルト・スネル,ヴィレブロルト・スネル,full
1225,ヴィンチェンツォ・ヴィヴィアーニ,ヴィヴィアーニ,ヴィヴィアーニ,family
1225,ヴィンチェンツォ・ヴィヴィアーニ,ヴィンチェンツォ・ヴィヴィアーニ,ヴィンチェンツォ・ヴィヴィアーニ,full
1226,ヴェラ・ルービン,ルービン,ルービン,family
1226,ヴェラ・ルービン,ヴェラ・ルービン,ヴェラ・ルービン,full
1227,ヴェルナー・フォン・ブラウン,ブラウン,ブラウン,family
1227,ヴェルナー・フォン・ブラウン,ヴェルナー・フォン・ブラウン,ヴェルナー・フォン・ブラウン,full
1228,ヴォルデマール・フォークト,フォークト,フォークト,family
1228,ヴォルデマール・フォークト,ヴォルデマール・フォークト,ヴォルデマール・フォークト,full
1229,ヴォルデマール・ポールセン,ポールセン,ポールセン,family
1229,ヴォルデマール・ポールセン,ヴォルデマール・ポールセン,ヴォルデマール・ポールセン,full
1230,ヴォルフガング・ケターレ,ケターレ,ケターレ,family
1230,ヴォルフガング・ケターレ,ヴォルフガング・ケターレ,ヴォルフガング・ケターレ,full
1231,ヴォルフガング・パウル,パウル,パウル,family
1231,ヴォルフガング・パウル,ヴォルフガング・パウル,ヴォルフガング・パウル,full
1232,佐久間象山,佐久間,さくま,family
1232,佐久間象山,佐久間象山,さくましょうざん,full
1233,劉剛,劉,りゅう,family
1233,劉剛,劉剛,りゅうこう,full
1234,山中伸弥,山中,やまなか,family
1234,山中伸弥,山中伸弥,やまなかしんや,full
1235,沈括,沈,しん,family
1235,沈括,沈括,しんかつ,full
1236,盛田昭夫,盛田,もりた,family
1236,盛田昭夫,盛田昭夫,もりたあきお,full
1237,賀建奎,賀,が,family
1237,賀建奎,賀建奎,がけんけい,full
1238,赤﨑勇,赤﨑,あかさき,family
1238,赤﨑勇,赤﨑勇,あかさきいさむ,full
1239,飯島澄男,飯島,いいじま,family
1239,飯島澄男,飯島澄男,いいじますみお,full